word,count
hotel,1468
jw,853
new,600
courtyard,558
resort,397
room,379
hotels,341
center,335
job,327
marquis,308
rt,290
san,280
beach,268
inn,246
downtown,245
international,243
love,237
de,229
like,219
airport,219
get,216
night,215
time,212
free,212
city,212
one,208
go,208
2,207
spa,204
jobs,195
great,195
club,185
york,185
good,183
got,182
ca,180
back,177
tonight,175
thanks,174
view,167
grand,165
stay,164
work,161
el,160
day,160
orlando,159
us,149
others,149
la,147
en,146
residence,144
miami,140
dinner,138
suites,137
atlanta,137
see,129
know,128
boston,127
points,125
going,124
today,124
timeshare,123
best,121
check,119
staying,117
rewards,116
bar,116
los,115
park,113
come,111
think,111
book,111
na,111
service,110
checked,107
tomorrow,107
4,106
ready,106
via,106
desert,105
post,103
last,103
conference,102
find,101
world,100
live,100
please,99
st,99
blog,99
u,99
event,99
working,98
fairfield,98
would,96
1,96
lol,95
first,93
party,93
west,93
thank,92
chicago,92
meet,92
long,92
want,91
travel,91
way,90
awesome,90
next,90
place,89
3,88
show,88
lobby,88
ridge,87
right,86
hilton,85
vacation,84
week,82
*****,82
lounge,81
still,81
nice,81
win,80
usa,80
breakfast,79
fl,79
ocean,79
getting,78
let,78
casino,78
rooms,78
card,77
well,77
meeting,76
much,76
10,76
two,76
family,74
happy,74
deluxe,74
dm,73
watch,73
dates,73
pool,72
home,72
convention,72
washington,72
antonio,72
times,72
various,71
houston,70
dc,70
news,69
las,69
–,68
denver,68
friday,68
e,67
photo,67
days,67
customer,67
trip,67
suite,67
beautiful,66
big,66
looking,66
bay,66
5,66
london,65
life,65
really,64
pic,64
take,63
canada,63
angeles,63
morning,62
deal,62
dubai,62
tx,61
look,61
hi,61
hiring,60
starwood,60
n,60
sure,60
business,60
va,59
golf,59
guest,59
old,58
ny,58
man,58
renaissance,58
make,58
maui,58
annual,58
ebay,57
bill,57
head,57
east,57
house,57
francisco,57
wedding,57
del,56
hope,56
inc,56
nyc,56
better,56
food,56
front,55
north,55
raleigh,55
restaurant,55
sorry,54
year,54
experience,54
stayed,54
newport,54
call,54
need,53
always,52
apply,52
platinum,52
wifi,52
game,52
7,52
friends,52
con,51
que,51
people,51
resorts,51
il,51
found,51
hear,50
juan,50
gift,50
manager,50
never,50
md,50
start,50
r,50
island,50
tampa,49
pm,49
saturday,49
end,49
anyone,49
sitting,49
another,49
square,49
fun,48
standard,48
ljn,48
info,48
looks,48
desk,48
open,48
team,47
reception,47
mrpoints,47
orleans,47
south,47
join,47
al,46
bad,46
da,46
2010,46
excluding,46
x,46
key,46
100,46
miss,46
may,46
op,45
enter,45
chance,45
heading,45
saw,45
evening,45
nashville,45
program,45
said,44
yelp,44
floor,44
oh,44
coming,44
copley,44
weekend,43
top,42
follow,42
12,42
waterside,42
amazing,42
vegas,42
kids,42
wharf,42
gon,42
w,42
set,41
im,41
share,41
executive,41
staff,41
contact,40
springs,40
left,40
sat,40
springhill,40
hey,40
dallas,40
blvd,40
holiday,40
guys,39
offers,39
grande,39
internet,39
housekeeper,39
bed,39
coronado,39
class,39
philadelphia,38
deals,38
2013,38
ave,38
rate,38
stop,38
friend,37
sleep,37
cairo,37
wan,37
send,37
christmas,37
ok,37
special,37
diego,37
ko,37
valley,36
diverse,36
waiting,36
feeling,36
rapids,36
nj,36
arlington,36
outside,36
omg,36
download,36
property,36
group,36
march,36
wait,35
ballroom,35
detroit,35
starting,35
posted,35
town,35
yes,35
plan,35
ever,35
brook,35
pretty,35
market,35
star,35
per,35
mateo,35
social,35
number,34
help,34
guests,34
para,34
az,34
20,34
something,34
data,34
corporate,34
done,34
2nd,34
award,34
fantastic,34
lima,34
water,34
could,34
hill,34
early,34
years,33
hello,33
drive,33
mi,33
santa,33
little,33
towneplace,33
bangkok,33
across,33
thx,33
change,33
oak,33
ga,33
fuck,33
napa,32
banquet,32
mobile,32
even,32
concierge,32
cool,32
bethesda,32
****,32
say,32
ask,32
voor,32
exclusief,32
booked,32
ref=twitter,32
told,32
visit,32
members,32
point,32
app,32
2011,32
date,32
soon,32
united,32
credit,31
13,31
made,31
rock,31
sunset,31
street,31
charlotte,31
southwest,31
inside,31
everyone,31
surabaya,31
twitter,31
nights,31
thing,31
road,31
tickets,31
50,31
nw,31
olina,31
away,30
kind,30
aruba,30
many,30
eating,30
part,30
grow,30
says,30
un,30
second,30
double,30
near,30
stronger,30
information,29
board,29
playing,29
summer,29
hour,29
paris,29
se,29
crystal,29
omar,29
khayyam,29
director,29
comes,29
past,29
lovely,29
lake,29
rewardspoints,29
phone,29
sc,29
red,29
18,29
500,29
hot,29
went,29
try,29
seattle,29
pittsburgh,29
media,29
em,28
national,28
press,28
dj,28
lo,28
oakland,28
super,28
tell,28
care,28
c,28
ceo,28
delta,28
dave,28
lakes,28
university,28
hit,28
indianapolis,28
bridge,28
phoenix,28
dr,28
around,28
tech,28
6,28
usd,28
marina,28
ta,27
course,27
fancy,27
drinks,27
mexico,27
rd,27
wit,27
pt=check_in,27
v=4b,27
youtube,27
florida,27
janice,27
p,27
2br,27
office,27
entered,27
giveaway,27
details,27
shadow,27
palm,27
jakarta,27
di,27
9,27
purchase,27
wardman,27
sales,27
ride,27
columbus,27
30,26
checking,26
epic,26
sharing,26
cook,26
monday,26
green,26
small,26
steve,26
edconsulting_,26
site,26
feel,26
powerful,26
frankfurt,26
shit,26
mplusplaces,26
wine,26
called,26
glad,26
pass,26
weeks,26
review,26
congrats,26
engineer,26
four,25
6th,25
put,25
america,25
services,25
events,25
hanging,25
turn,25
55,25
celebrating,25
sf,25
august,25
opening,25
mn,25
someone,25
john,25
drinking,25
5:30,25
location,25
school,25
country,25
harbor,25
behind,25
sweet,25
haha,25
newton,24
minute,24
means,24
austin,24
company,24
brooklyn,24
hours,24
marketing,24
starts,24
hard,24
cebu,24
save,24
tn,24
damn,24
anniversary,24
richmond,24
awards,24
pa,24
pick,24
spring,24
video,24
enjoying,24
opens,24
high,23
plaza,23
westin,23
river,23
talking,23
brand,23
close,23
gets,23
networking,23
bring,23
btw,23
travels,23
lax,23
tired,23
october,23
bet,23
taking,23
lots,23
hawaii,23
birthday,23
coffee,23
asked,23
white,23
minneapolis,23
lunch,23
earn,23
luxury,23
housekeeping,23
using,23
stellaris,23
2015,23
chateau,23
des,22
moines,22
story,22
meal,22
lot,22
ref=tw,22
chief,22
guess,22
successful,22
support,22
manila,22
message,22
||,22
eat,22
8,22
2016,22
memphis,22
mom,22
jan,22
hall,22
sunday,22
villas,22
virginia,21
picking,21
gateway,21
victoria,21
wailea,21
amsterdam,21
health,21
utm_medium=twitter,21
also,21
walk,21
miles,21
ya,21
person,21
already,21
excited,21
david,21
bout,21
gig,21
irvine,21
welcome,21
dont,21
texas,21
b,21
watching,21
confirmation,20
girl,20
brother,20
announces,20
fellow,20
latest,20
sale,20
properties,20
link,20
waikiki,20
line,20
three,20
lane,20
pero,20
believe,20
prize,20
reviews,20
lyndhurst,20
buy,20
falls,20
forward,20
future,20
everything,20
mike,20
goes,20
pay,20
arrived,20
sucks,20
short,20
cafe,20
bali,20
talk,20
men,20
guy,20
tucson,20
starr,20
anaheim,20
está,20
quito,20
catering,20
1st,19
cup,19
xx,19
tuesday,19
ii,19
flights,19
baltimore,19
name,19
membersgetit,19
advance,19
apartments,19
college,19
coast,19
hosting,19
belong,19
yay,19
portland,19
running,19
glasgow,19
copenhagen,19
play,19
wired,19
le,19
bai,19
advantage,19
yesterday,19
sanya,19
200,19
presidential,19
90,19
door,19
boys,19
works,18
used,18
price,18
chase,18
china,18
cant,18
ia,18
scottsdale,18
main,18
dec,18
actually,18
cards,18
leisure,18
gala,18
flight,18
eve,18
vista,18
overland,18
leave,18
pr,18
ago,18
vs,18
companies,18
places,18
vanderbilt,18
esta,18
roanoke,18
tree,18
2017,18
burbank,18
ai,18
give,18
tweet,18
2008,18
profit,18
presentation,18
forget,18
birmingham,18
enjoy,18
reports,18
bom,18
music,18
read,18
wind,18
heathrow,18
laguardia,18
elmhurst,18
far,18
ahora,18
energy,18
dtc,18
co,18
cause,18
blast,18
yeah,18
along,18
zurich,18
circle,18
reserve,17
fashion,17
catch,17
management,17
speaking,17
band,17
rive,17
gauche,17
€129,17
side,17
foursquare,17
sawgrass,17
shares,17
greater,17
obama,17
champagne,17
disappointed,17
chose,17
canadian,17
finally,17
use,17
durham,17
wow,17
art,17
probably,17
ihilani,17
stays,17
celebrate,17
wo,17
rm,17
making,17
held,17
biggest,17
fire,17
normal,17
gym,17
es,17
giving,17
waterfront,17
asia,17
store,17
though,17
code,17
sell,17
cleveland,17
lmao,17
waiohai,17
byu,17
ppl,17
remember,17
server,17
mayor,17
yet,17
focus,16
spot,16
low,16
serious,16
loved,16
por,16
interested,16
clara,16
hospitality,16
surf,16
favorite,16
afternoon,16
affair,16
financial,16
member,16
account,16
must,16
season,16
este,16
largo,16
moon,16
bit,16
apple,16
hate,16
faces,16
8pm,16
greenbelt,16
gaydarradio,16
15,16
expecting,16
giant,16
rest,16
king,16
available,16
oct,16
nagoya,16
finished,16
situation,16
diamond,16
thursday,16
2012,16
okc,16
shop,16
ball,16
starbucks,16
session,16
movie,16
ac,16
gives,16
si,16
comfy,16
louisville,16
assistant,16
provo,16
waste,16
gate,16
laurel,16
nov,16
pictures,16
zoë,16
seeing,16
client,16
calgary,16
fair,16
wife,16
parkway,16
wants,15
drop,15
discount,15
email,15
spirit,15
met,15
avenue,15
crowd,15
vancouver,15
celebration,15
state,15
ur,15
hills,15
seen,15
ahead,15
plz,15
floating,15
interesting,15
picture,15
homes,15
riyadh,15
su,15
concert,15
expedia,15
charleston,15
either,15
‘,15
redemption,15
sheraton,15
baby,15
valet,15
fan,15
cheers,15
het,15
tv,15
black,15
santiago,15
middle,15
songs,15
reservations,15
nc,15
hollywood,15
worldwide,15
timber,15
ease,15
bo,15
blow,15
quebec,15
moment,15
packed,15
doral,15
spg,15
states,15
hyatt,15
bc,15
opportunity,15
worth,15
caracas,15
wonderful,15
wireless,15
buffet,15
renovation,15
philly,15
"1,000",15
mumbai,15
football,14
without,14
real,14
kick,14
enough,14
25,14
peace,14
women,14
summit,14
slc,14
reforma,14
beauty,14
manchester,14
como,14
kitchen,14
nope,14
marriot,14
toronto,14
matt,14
l,14
employee,14
singapore,14
costco,14
biscayne,14
norfolk,14
niagara,14
development,14
break,14
burn,14
california,14
lil,14
spend,14
confirmed,14
chef,14
9pm,14
grab,14
panama,14
oaks,14
excellent,14
bus,14
officially,14
louis,14
private,14
palms,14
beer,14
car,14
fam,14
pie,14
gathering,14
morgan,14
mt,14
mont,14
roof,14
mixer,14
land,14
medan,14
totally,14
hainan,14
hair,14
average,14
add,14
receives,14
21,14
blogger,14
walking,14
festival,14
rental,14
thought,14
makes,14
4th,14
paso,14
robles,14
begin,14
sis,14
dragoncon,14
corp,14
marco,14
answer,14
chicken,13
29,13
shot,13
wall,13
president,13
palmdesert,13
escape,13
promotions,13
deserve,13
taxi,13
girls,13
form,13
premier,13
blogging,13
hurghada,13
ks,13
quincy,13
thomas,13
packing,13
century,13
half,13
lucky,13
reply,13
popular,13
buying,13
agent,13
headquarters,13
poor,13
wake,13
entry,13
often,13
2555,13
ha,13
bogota,13
style,13
massage,13
iowa,13
currently,13
seeking,13
bro,13
22,13
fb,13
mark,13
jkt,13
virtual,13
com,13
reservation,13
creek,13
else,13
reward,13
visiting,13
cut,13
couple,13
culturazzi,13
folks,13
heard,13
tried,13
putrajaya,13
humble,13
bridal,13
booking,13
friendly,13
community,13
loyalty,13
meetings,13
vote,13
setting,13
rent,13
area,13
ceos,13
dia,13
elite,13
bought,13
expo,13
website,13
buckhead,13
hahaha,13
7pm,13
villa,13
due,13
partnership,13
disney,13
needed,13
easy,13
ousted,13
harbour,13
ill,12
quick,12
entre,12
strategy,12
battle,12
40,12
offer,12
source=twitter,12
daily,12
attendant,12
chat,12
camelback,12
library,12
since,12
history,12
albert,12
things,12
following,12
employees,12
thrilled,12
final,12
global,12
aha,12
traveler,12
teamdjdvs,12
wadebanner,12
nikki2hot4radio,12
theauthoritydjs,12
smith,12
stalking,12
list,12
mine,12
cabos,12
technology,12
respond,12
guard,12
american,12
travelers,12
relax,12
access,12
definitely,12
fransisco,12
94103,12
cell,12
cancun,12
hialeah,12
personal,12
february,12
19,12
cost,12
money,12
fireworks,12
phuket,12
towers,12
300,12
traveling,12
lan,12
radio,12
took,12
cash,12
fly,12
johnson,12
fixed,12
boy,12
eye,12
direct,12
bonus,12
stuff,12
235,12
uma,12
vacations,12
fort,12
career,12
sydney,12
3rd,12
books,12
indonesia,12
auditor,12
sold,12
cougars,12
hand,12
attend,12
ditmars,12
tiki,12
spending,12
jose,12
r5,12
dan,12
à,12
modern,12
sign,12
bergen,12
bei,12
hell,12
round,12
dunhillvacation,12
winter,12
freakin,12
meant,12
map,12
headed,12
snow,12
westford,12
andy,12
awarded,12
prob,12
jam,12
éxito,12
dearborn,12
tour,12
leadership,12
woodley,12
brought,12
syed,12
cheri,12
tha,12
theatre,12
newark,12
alarm,12
added,12
stocks,12
guanacaste,12
costarica,12
villahermosa,12
every,12
champions,12
least,12
herndon,12
stories,11
husband,11
depot,11
young,11
fav,11
supposed,11
package,11
moscow,11
regional,11
theater,11
wtf,11
owners,11
orange,11
button,11
followed,11
expect,11
willard,11
grosvenor,11
pressure,11
timeshares,11
invite,11
profile,11
gone,11
travelbrilliantly,11
lauderdale,11
lead,11
menu,11
visa,11
utm_campaign=checkin,11
shuttle,11
shadows,11
execustay,11
cruise,11
ontario,11
practice,11
partners,11
idk,11
interview,11
bid,11
photos,11
slowly,11
rain,11
sounds,11
ut,11
tix,11
lancaster,11
17,11
reagan,11
joins,11
fullerton,11
venue,11
discovered,11
br,11
ct,11
caribbean,11
million,11
later,11
listening,11
july,11
floors,11
loss,11
howdyskinnersweepstakes,11
bestie,11
hoping,11
report,11
semana,11
closed,11
tin,11
sa,11
representative,11
griffin,11
hungry,11
audit,11
jojeda,11
organizer,11
slym,11
mosser,11
exclusive,11
digital,11
wearing,11
gardens,11
mean,11
mother,11
window,11
fisherman,11
jun,11
essex,11
chain,11
bag,11
22nd,11
returns,11
courtesy,11
safe,11
standing,11
southpark,11
marcooth,11
aide,11
huge,11
update,11
tysons,11
corner,11
clean,11
yoga,11
plays,11
project,11
yo,11
death,11
bogotá,11
dog,11
plus,11
almost,11
jones,11
count,11
shift,11
movies,10
bartender,10
warner,10
selfie,10
rocks,10
weird,10
villarental,10
alumni,10
ibm,10
facebook,10
pulse,10
britt,10
reno,10
catherine,10
training,10
user,10
recommends,10
industry,10
nothin,10
buys,10
colinas,10
accept,10
rivercenter,10
podcamp,10
chillin,10
sex,10
casey,10
minutes,10
posts,10
ad,10
bellevue,10
begun,10
web,10
sister,10
limited,10
boat,10
meadowlands,10
rose,10
forum,10
whenever,10
nash,10
37203,10
japan,10
leaving,10
peabody,10
anymore,10
nigga,10
perks,10
demo,10
casamagna,10
wanting,10
prsa08,10
vail,10
broadway,10
tequila,10
wusgood,10
sammosesent,10
request,10
worst,10
pahrk,10
cahr,10
hahvarhd,10
yahd,10
condes,10
vi,10
face,10
asking,10
podcast,10
gm,10
catching,10
including,10
rancho,10
cordova,10
ass,10
came,10
jeddah,10
méxico,10
rides,10
fine,10
château,10
princeton,10
jersey,10
reddit,10
meetup,10
kennedy,10
manquehue,10
mention,10
lying,10
glass,10
renhotels,10
wont,10
central,10
byubasketball,10
learning,10
several,10
rates,10
relaxing,10
dine,10
mayflower,10
known,10
storekeeper,10
jazz,10
traveller,10
ground,10
helpful,10
operations,10
mini,10
petersburg,10
burger,10
packages,10
era,10
rio,10
janeiro,10
slow,10
speak,10
fave,10
sebheupdate,10
blame,10
eats,10
comedy,10
kauai,10
getaways,10
holidays,10
contract,10
2014,10
lost,10
bahamas,10
nite,10
indy,10
hangin,10
cooking,10
mccrory,10
tours,10
luke,10
monterey,10
elevators,10
manhattan,10
riverside,10
alert,10
shjobs,10
11,10
outta,10
rico,10
launch,10
bath,10
id,10
pull,10
pagi,10
tweeps,10
accounting,10
shout,10
george,10
loyaltylobby,10
snacks,10
decks,10
guyana,10
forgot,10
till,10
mayo,9
ups,9
decision,9
estate,9
tony,9
cloud,9
series,9
woman,9
worsley,9
apps,9
nos,9
ordenan,9
playa,9
restaurants,9
sal,9
closing,9
suppose,9
ms_ohso_wright,9
mizz_barnes89,9
trio,9
warm,9
weather,9
xxxx,9
fitness,9
content,9
grabbing,9
maybe,9
hallway,9
sox,9
dentist,9
depressing,9
gmt,9
anything,9
uovp_dr_t,9
roger,9
rotating,9
ended,9
buffalo,9
recognition,9
empire,9
2bath,9
couch,9
roommate,9
ln,9
pack,9
80,9
saved,9
instant,9
sea,9
closer,9
pasay,9
heart,9
thru,9
zone,9
dat,9
persons,9
prevention,9
amen,9
reality,9
thepointsguy,9
TRUE,9
hmmm,9
34,9
sexy,9
commercial,9
topratedhotels,9
hartford,9
phones,9
painting,9
choose,9
affordable,9
blue,9
player,9
getaway,9
expected,9
ritz,9
lemonade,9
lodging,9
sunrise,9
aaa,9
trees,9
memories,9
unionjworld,9
integrity,9
building,9
cba,9
anntran_,9
human,9
hubby,9
llamar,9
24,9
local,9
fabulous,9
llegando,9
impressed,9
midnight,9
pearl,9
leading,9
thousand,9
failure,9
internship,9
hotel…,9
crew,9
coralville,9
panel,9
success,9
17th,9
21st,9
exp,9
rebranded,9
doubletree,9
fx,9
michigan,9
fab,9
montgomery,9
194,9
fazendo,9
blueseira,9
soundcloud,9
brands,9
steps,9
montréal,9
milk,9
full,9
silver,9
alabama,9
phil,9
power,9
bloglovin,9
mar,9
cover,9
penn,9
canal,9
northwest,9
dear,9
similar,9
woodland,9
halifax,9
bird,9
feather,9
networks,9
koster,9
salaamgarage,9
sierra,9
largest,9
48,9
arab,9
emirates,9
hearing,9
winning,9
listings,9
unintentional,9
rating,9
addiction,9
250,9
tanga,9
shoals,9
mgr,9
attending,9
legs,9
kaanapali,9
awake,9
gold,9
advanced,9
marbella,9
sessions,9
whoever,9
revolving,9
shits,9
shopping,9
steakhouse,9
shared,9
waikoloa,9
flow,9
canyon,9
whistler,9
investigating,9
215,9
chelseama,9
started,9
sorenson,9
control,9
assistance,9
vip,9
v,9
dollar,9
text,9
police,9
ipa,9
owns,9
50th,9
monterrey,9
nl,9
arizona,9
sports,9
cheap,9
overlooking,9
historic,9
action,9
perfect,9
cows,9
cougs,9
inner,9
naked,9
pakistan,9
nofilter,8
debate,8
rewards®,8
superbowl,8
together,8
aflv,8
usher,8
dilf,8
auburn,8
bourbon,8
ctr,8
briefly,8
dress,8
liked,8
mesa,8
results,8
charles,8
safariclubintl,8
stopsci,8
sent,8
fi,8
test,8
sail,8
276,8
metro,8
boynton,8
block,8
writing,8
workshop,8
order,8
parking,8
wrote,8
pls,8
appreciate,8
received,8
disco,8
cuba,8
blessed,8
imogenheap,8
immi,8
fingers,8
crossed,8
dead,8
among,8
reserva,8
ceemfjaay,8
muthafucka,8
doctor,8
pizza,8
agm,8
utm_source=ashare,8
preferred,8
courtyards,8
crt,8
die,8
steven,8
tempe,8
rish,8
featured,8
mcdonalds,8
panera,8
hdp,8
village,8
thinking,8
oman,8
fourth,8
announced,8
god,8
entrance,8
tras,8
cis2012,8
umbrella,8
rome,8
roma,8
ohio,8
honeymoon,8
bookings,8
retweet,8
nation,8
f12mrs,8
mrstv,8
hiltonhotels,8
ben,8
beachside,8
tho,8
momsreview4you,8
coinstar,8
houma,8
reason,8
45,8
players,8
invited,8
panamá,8
status,8
bandwagon,8
lodge,8
carlton,8
missed,8
june,8
8th,8
wilmington,8
venezuela,8
district,8
av,8
atlantica,8
officer,8
accepting,8
whole,8
mismo,8
tight,8
weownthenight,8
5th,8
indiana,8
stil,8
inquring,8
desserts,8
swimmin,8
september,8
4*,8
providing,8
hopefully,8
yr,8
erie,8
amazon,8
pier,8
proposed,8
bomb,8
maintenance,8
hunt,8
cambridge,8
legit,8
yess,8
sleeping,8
te,8
natalidelconte,8
三亚万豪度假酒店,8
yalong,8
ross,8
jwsanantonio,8
bucharest,8
council,8
g,8
perimeter,8
singing,8
110,8
2009,8
concerns,8
barbdelollis,8
dee,8
alpharetta,8
absolutely,8
120,8
lee,8
6:30,8
master,8
troy,8
vacancies,8
chapterxchapter,8
brown,8
avenida,8
airlines,8
usually,8
lights,8
saying,8
integrates,8
crm,8
platform,8
commerce,8
笑,8
nothing,8
fast,8
single,8
oktober,8
registration,8
bedroom,8
ford,8
mile,8
living,8
pounds,8
begins,8
receptionist,8
calling,8
calle,8
investimentos,8
cadeia,8
óleo,8
gás,8
serão,8
debatidos,8
fórum,8
rj,8
das,8
08h30,8
até,8
13h,8
launches,8
tahoe,8
noche,8
stage,8
wild,8
separate,8
andrew,8
resting,8
robe,8
burlington,8
rise,8
jar,8
kitts,8
wonder,8
waitress,8
periscope,8
wed,8
douglas,8
follies,8
swag,8
conf,8
okinawa,8
dark,8
sue,8
govt,8
trump,8
org,8
unfair,8
peotus,8
900,8
apec,8
norcross,8
nickel,8
dime,8
fo,8
salt,8
43,8
honest,8
jacksonville,8
allstate,8
terrytalksmoney,8
pure,8
arriving,8
smelly,8
dfw,8
discounted,8
bitch,8
learned,8
capitol,8
tbt,8
irving,8
berlin,8
utica,8
tt,8
shuttlefare,8
worldgate,8
athomaslife,8
gorgeous,8
elegant,8
able,8
ice,8
collection,8
localmind,8
skies,8
rampart,8
heavy,8
research,8
golden,8
customers,8
simple,8
fresno,8
ivizion,8
ari,7
otherwise,7
case,7
lets,7
será,7
sede,7
ollanta_humalat,7
keikofujimori,7
rescue,7
china20,7
feels,7
ranchomirage,7
nccu,7
passed,7
soflatoday,7
utm_medium=social,7
wheels,7
craiglpotter,7
rickshielspga,7
jhopkinsgolf,7
rodgersgolf,7
dry,7
film,7
asean,7
tourism,7
seanpatmartin,7
islandia,7
express,7
reasons,7
authors,7
trucks,7
loving,7
mix,7
viernes,7
tips,7
opinion,7
sand,7
promotion,7
strong,7
centre,7
campus,7
prsa09,7
airfare,7
uniquely,7
marketwired,7
bricklane,7
cultural,7
lazy,7
biznet,7
ne8th,7
cali,7
pregame,7
paragon,7
okay,7
lakers,7
joseph,7
jordi_calpe,7
matter,7
mimed,7
cheated,7
run,7
conferences,7
knowing,7
sets,7
truth,7
12th,7
anthonydowens,7
requested,7
mdsteele47,7
wilw,7
demoing,7
yahoo,7
justinbieber,7
expensive,7
5855,7
8pmish,7
31,7
signing,7
heroes,7
crazy,7
maitre,7
montreal,7
sweepstakes,7
spokesman,7
praiseher,7
paul,7
kuala,7
lumpur,7
searching,7
resume,7
gethir…,7
thanksgiving,7
desmoines,7
vacationvilla,7
riverbar,7
quietray,7
reminder,7
ghoe,7
directly,7
tough,7
woo,7
3d,7
space,7
associa,7
upset,7
level,7
interior,7
curious,7
challenge,7
sipping,7
airline,7
von,7
hooked,7
años,7
cum,7
yasminah,7
bday,7
cont,7
quarter,7
exciting,7
managers,7
proud,7
é,7
album,7
jwmarriot,7
14th,7
quite,7
tamelle,7
just5,7
logo,7
problem,7
thoughts,7
shower,7
opened,7
doors,7
click,7
sera,7
tu,7
milestomemories,7
takes,7
fox,7
grill,7
días,7
mhmarquisnyc,7
bbq,7
wear,7
madison,7
um,7
worse,7
joueny,7
sawryyy,7
hunga,7
wega,7
occidental,7
tambe,7
awo,7
dus,7
biaha,7
wak,7
‎,7
students,7
department,7
min,7
address,7
gowns,7
revealed,7
fell,7
latte,7
luv,7
mount,7
postings,7
ordered,7
cancelled,7
masih,7
aloha,7
landed,7
tr,7
tremblant,7
craig,7
midtown,7
edition,7
search,7
pkwy,7
gmbha,7
miamibeach,7
stanton,7
10am,7
bistro,7
less,7
mmmm,7
vendor,7
bride,7
tuned,7
lgbt,7
expanded,7
champlain,7
cada,7
preston,7
idea,7
catalyst,7
rsvp,7
acquisition,7
eventprofs,7
aksarben,7
league,7
distance,7
peru,7
pep,7
autographhotels,7
priceline,7
nowhere,7
haitian,7
massachusetts,7
staycation,7
lincolnshire,7
study,7
disneyland,7
djsupajames,7
scale,7
rules,7
geofflloyd,7
drifter,7
pedestrian,7
fulton,7
amwa,7
collecting,7
diem,7
150,7
approve,7
culture,7
binghamton,7
storm,7
14,7
chatting,7
overseas,7
seriously,7
issueswithjvm,7
jane,7
sympathy,7
hln,7
hace,7
utah,7
speaker,7
costs,7
jesscuddlesome,7
sit,7
pouring,7
petite,7
sirah,7
chardonnay,7
speed,7
leeds,7
design,7
16,7
arne,7
h0laitszoe,7
upgraded,7
seafood,7
silverado,7
upcoming,7
blackberry,7
supporters,7
source,7
klsouth,7
sarahintx,7
islamic,7
propaganda,7
claim,7
tan,7
enriqueblancoc,7
dining,7
receive,7
reportedly,7
nola,7
laura,7
wellness,7
bros,7
thailand,7
svp,7
lisa,7
attire,7
lauren,7
worked,7
letting,7
useful,7
tool,7
pleasechangeback,7
calls,7
birthdaydinner,7
245,7
aldenrichards02,7
sterling,7
70yrs,7
©,7
leysam1,7
ig,7
aldub14thmonthsary,7
extra,7
edge,7
marquee,7
flag,7
kc,7
gayletobin,7
leeroy,7
hmmmm,7
genuinely,7
puertorico,7
sharted,7
airplane,7
frequent,7
flyer,7
tennis,7
includes,7
runtogive,7
takecare,7
starwoodcares,7
thestoneshotel…,7
clay,7
senior,7
thousands,7
stephen,7
growth,7
brad,7
projects,7
27th,7
jalan,7
1bd,7
hadtotellyou,7
ranch,7
nephew,7
koolwhipped_696,7
karmaloop,7
hk,7
dies,7
202,7
continues,7
certificate,7
federal,7
ecommerce,7
light,7
image,7
ecodesk,7
sustainability,7
published,7
hold,7
straight,7
renovations,7
third,7
tables,7
moan,7
especially,7
lose,7
nffc,7
ccfc,7
dogfishbeer,7
surprised,7
negative,7
jo,7
connect,7
avoid,7
comfort,7
shut,7
wii,7
wanted,7
bench,7
sittin,7
doe,7
scottyiseri,7
chicagoleah,7
hilt,7
pbskids,7
reading,7
supervisor,7
sound,7
ver,7
fls,7
installing,7
solar,7
thermal,7
destination,7
milwaukee,7
suryojessicawedding,7
axioo,7
xxx,7
estoy,7
tyson,7
box,7
muslim,7
score,7
regards,7
keep,6
stupid,6
sassycatgal1,6
bands,6
contest,6
camino,6
missladyknl,6
google,6
redken,6
pureology,6
scott,6
lang=en,6
2c+us,6
só,6
beef,6
shows,6
700,6
shook,6
bossshit,6
pavilion,6
bellmen,6
finde,6
paseo,6
col,6
juarez,6
travis,6
choice,6
sophieeb,6
visitor,6
viewed,6
nad10155,6
nursemom90,6
doll,6
larrychiang,6
5*,6
lakeshore,6
feet,6
ayush12ice,6
guardian,6
galaxy,6
townplace,6
s=cveuzmvbo24qlxhqmf5cbkz_lma,6
hoy,6
bargains,6
finish,6
checkin,6
brickell,6
fail,6
echelon,6
adulthood,6
smell,6
exhausted,6
western,6
competition,6
utm_source=reviveoldpost,6
utm_campaign=reviveoldpost,6
sells,6
ap,6
chairman,6
operator,6
"3,500",6
clicklife,6
p=457,6
table,6
eaton,6
randomly,6
refer,6
ole,6
seasons,6
jaja,6
comer,6
po,6
wheldrake,6
kijiji,6
carlino,6
essential,6
idol,6
connecting,6
interns,6
hwy,6
ceremony,6
fallsview,6
getawa,6
portfolio,6
select,6
dragon*con,6
elliegoulding,6
tba,6
buena,6
tripadvisor,6
doorman,6
omani,6
solid,6
youarehere,6
gas,6
solana,6
teaneck,6
glenpointe,6
fountain,6
lenox,6
mall,6
6:30pm,6
sacar,6
niños,6
pakistán,6
bombazo,6
contra,6
onu,6
prohíbe,6
frank,6
violently,6
assault,6
fascists,6
fascist,6
mob,6
deems,6
progress®,6
221bcon,6
presents,6
crap,6
maryland,6
officers,6
qualified,6
hodges,6
loose,6
badge,6
gun,6
died,6
presentations,6
lock,6
encalves,6
value,6
staffers,6
dwadeofficial,6
scoring,6
pts,6
2525,6
mijn,6
gok,6
politie,6
betaaltelefoon,6
bij,6
niet,6
heeft,6
gecheckt,6
xd,6
erin,6
andrews,6
georgia,6
blanco3,6
okgamers,6
hxcgamingevents,6
finance,6
knows,6
＆,6
redeem,6
nd,6
sioux,6
f,6
eco,6
esse,6
coconut,6
mountain,6
breckenridge,6
psa,6
unsatisfiedcustomer,6
harris,6
iphone,6
stranded,6
rather,6
boydhilton,6
id=179680625,6
client_id=150,6
bananas,6
rocking,6
gwenstefani,6
annie,6
turns,6
»,6
adotas,6
ship,6
magic,6
rediscover,6
release,6
resources,6
bottle,6
lugar,6
antes,6
mas,6
من,6
karaoke,6
children,6
q,6
man_of_the_east,6
a1,6
13107,6
rit,6
44049,6
stadhouderskade,6
1054es,6
th,6
healing,6
jewelry,6
clarita,6
valencia,6
resv,6
gen,6
cammybean,6
tanq,6
promised,6
"19,00pm",6
cleanned,6
earl,6
peter,6
bob,6
wound,6
ky,6
coworker,6
alyssanswitzer,6
keynote,6
scare,6
obl,6
jokes,6
idiots,6
yup,6
chinatown,6
mariott,6
passover,6
seder,6
swing,6
766001,6
7660,6
nusa,6
dua,6
usual,6
clash,6
cusick,6
tune,6
er,6
winners,6
calenders,6
cedric,6
rashad,6
midway,6
tg,6
toledo,6
takin,6
100reps,6
harrymccracken,6
nut,6
cookies,6
coach,6
campaign,6
roll,6
mittromney,6
reaches,6
uscorporateworld,6
rejoins,6
hotelier,6
afp,6
voucher,6
society,6
spectacular,6
259,6
pp,6
uic,6
ten,6
shoutout,6
greenbrier,6
declares,6
bankruptcy,6
pebble,6
vied,6
broke,6
security,6
bombing,6
nappp,6
fairfieldhotels,6
unexpected,6
nick,6
saban,6
ov,6
six,6
network,6
fella,6
antitrust,6
authorization,6
saudi,6
arabia,6
apertura,6
cadena,6
generará,6
empleos,6
gotten,6
jack,6
gave,6
deposit,6
pics,6
deposited,6
2395,6
progress,6
hebron,6
i_helped_oj,6
marilynmonroe,6
aint,6
neva,6
lied,6
flying,6
p=690,6
interstate,6
windy,6
specialist,6
sses,6
illinois,6
motel,6
edwardboches,6
impact,6
conclusion,6
dancing,6
ns,6
padres,6
chelsstw,6
pisses,6
options,6
koolinit,6
acc,6
hoopers,6
however,6
j=5713494,6
1770,6
amphlett,6
94402,6
candidates,6
entrepreneurs,6
unite,6
yaaay,6
eucatlanta,6
goldblum,6
rumour,6
oahu,6
rally,6
planning,6
brit,6
jason,6
awaits,6
filet,6
mignon,6
salmon,6
rahm,6
emanuel,6
donor,6
stock,6
domingo,6
waterbeds,6
podcampaz,6
life_enthusiast,6
kristen,6
depending,6
peeps,6
scarnabil,6
ama,6
benditamente,6
condenado,6
|facundo,6
cabral,6
casual,6
talks,6
moncton,6
pscu,6
shaunpuffyrice,6
raysfan79,6
michael,6
theespinals,6
gamestop,6
kickstarter,6
comenzarán,6
aceptar,6
republican,6
hermorrine,6
supernatural,6
oceanfront,6
mormon,6
sparefoot,6
fuxion,6
charice,6
kiis,6
fm,6
wango,6
tango,6
831,6
rockford,6
gr8,6
trial,6
waterloo,6
basketball,6
weber,6
mst,6
byuhoops,6
180,6
dinochaps,6
carribean,6
austrian,6
toy,6
partying,6
dusty,6
hola,6
additional,6
southfield,6
p=537,6
wondering,6
clever,6
subtlety,6
title,6
prefer,6
learn,6
cherry,6
stopped,6
uploaded,6
seeks,6
cove17,6
indescribable,6
voice,6
raw,6
emotional,6
range,6
utter,6
conviction,6
mgm,6
masco,6
busi,6
court,6
s=_6njjyxfdvnghlu5lhvhghn7kty,6
accommodations,6
openings,6
shouts,6
bathrooms,6
hotelpooplife,6
defurvoran,6
unforgettable,6
cg2016gala,6
wag,6
tarnishing,6
reputation,6
situated,6
jess,6
lis,6
melissa,6
leipzig,6
getteleported,6
months,6
resrt,6
hanover,6
jacuzzi,6
hands,6
sternalumni,6
dandeacon,6
tube,6
sympathize,6
different,6
olympic,6
kyle,6
nicole,6
act,6
host,6
capitalofficial,6
leoni,6
bush,6
saskia,6
babe,6
xxxxx,6
geno,6
kirkland,6
est,6
14001q4s,6
unioncity,6
nap,6
gettin,6
flyzoneforever™,6
beers,6
patio,6
rooney,6
forrestal,6
dayton,6
wichita,6
paloalto,6
architechtural,6
designs,6
ozzy,6
filter,6
fri,6
plano,6
mrs,6
karen,6
original,6
baton,6
rouge,6
hahahaha,6
thats,6
j,6
lions,6
sponsored,6
fame,6
hookah,6
watchin,6
signs,6
northwestern,6
и,6
habrá,6
beavergolf,6
rector,6
fredericksburg,6
spent,6
spokane,6
bosniancapo,6
obliged,6
ohh,6
gardner,6
601,6
mcgavock,6
pike,6
jodieharsh,6
might,6
babes,6
pkg,6
christmascount,6
laguna,6
cliffs,6
lagunacliffs,6
trumbull,6
1250,6
suspect,6
prepping,6
mbps,6
tad,6
chesapeake,6
popeyes,6
general,6
incredible,6
dance,6
mystic,6
boise,6
masnoticia,6
imageskincare,6
dragon,6
porn,5
hotdogoctopus,5
justmeeekris_24,5
melbourne,5
btlover2,5
achicagoblogger,5
virgin,5
colorado,5
michellevisage,5
madonna,5
buenos,5
dysfunctional,5
duo,5
selfiesaturday,5
aflvcentral,5
romance,5
hayleyyeta,5
bored,5
"1,500",5
dulles,5
huffingtonpost,5
animals,5
bornfree,5
5402,5
lincoln,5
nye,5
moskow,5
марриотт,5
грандъ,5
отель,5
alcohol,5
bae,5
influential,5
bright,5
presence,5
spinning,5
ixtapan,5
recognized,5
register,5
trading,5
bowl,5
perform,5
railsconf,5
tokyo,5
3br,5
deed,5
heck,5
yum,5
barony,5
oc,5
cc,5
bound,5
1109,5
riseup,5
yeouido,5
seoul,5
arts,5
r3,5
stephane,5
masson,5
procurement,5
noticed,5
expands,5
torontostar,5
derek,5
clippers,5
barbara,5
gooolakers,5
shhongyunfen,5
23:59:08,5
background,5
cancún,5
cartagena,5
colombia,5
charlidj,5
build,5
haiti,5
creepin,5
auditions,5
ryanseacrest,5
mdr,5
cnbc,5
pumped,5
staples,5
weeekend,5
£15,5
shove,5
msjulianneregan,5
judietzuke,5
influences,5
vin,5
judie,5
lives,5
flys,5
anbang,5
trumps,5
bil,5
‹,5
discussion,5
studios,5
purpswgabstract,5
*throws,5
pink,5
hat,5
garbage*,5
lasted,5
sneak,5
americanexpress,5
begging,5
blasting,5
telemarketers,5
eagle,5
hrc,5
tennant,5
adirtymonkey,5
spoiling,5
balls,5
prom,5
kazuhito,5
ata,5
6:15,5
suit,5
save…,5
the…,5
annoying,5
complimentary,5
dow,5
positions,5
steak,5
soi,5
according,5
0,5
i_am_sherika100,5
grind,5
sept,5
audrey,5
formisano,5
certified,5
expert,5
tequilier,5
showing,5
rented,5
evacuees,5
megan,5
pierce,5
brilliant,5
reuters,5
managed,5
joe,5
evento,5
snbarrydavis,5
coke,5
santiagojobs,5
mesero,5
región,5
metropolitana,5
330,5
split,5
ohhh,5
southwestair,5
effin,5
guayaquil,5
broadcaster,5
except,5
addthis,5
stops,5
rangersfansview,5
mum,5
chá,5
gigante,5
mto,5
custa,5
99,5
cents,5
chegamos,5
miamii,5
dadeland,5
davetaylor,5
syrup,5
familytime,5
familylove,5
buenaventura,5
mc,5
larco,5
size,5
planet,5
wbjonline,5
peachtree,5
coworkers,5
lorenaduquel,5
contacted,5
reach,5
bars,5
sherman,5
sacramento,5
benefits,5
229,5
jim,5
6005,5
shennan,5
boulevard,5
futian,5
shenzhen,5
sobre,5
conrad,5
jodiiiannette,5
hayward,5
fundraising,5
mate,5
amway,5
isabellaaceto,5
meeh,5
tbh,5
yaa,5
tomroaaaa,5
lovelovelovee,5
tugboat,5
happyz,5
southaven,5
ann,5
interaction,5
surfers,5
paradise,5
اوضح,5
هالدريشة,5
مافيه,5
nsw,5
tasting,5
toastmasters,5
pasadena,5
wet,5
payable,5
m16,5
30th,5
filling,5
jewish,5
bloggers,5
blogher,5
blogheryentas,5
10pm,5
grille,5
sublime,5
extended,5
cofounder,5
alexis,5
ohanian,5
pdte,5
5735,5
bridgewater,5
lexington,5
150013rv,5
powerfu,5
davederosa20,5
lincon,5
tulsa,5
jkelmo143,5
tomorro,5
ff,5
fix,5
chris,5
jmichelmetz,5
vrobm,5
wykdwench,5
nicki_doyle,5
stormbound,5
mec,5
raised,5
toast,5
mitalc,5
kami,5
hella,5
pops,5
bake,5
potato,5
chili,5
bookshelf,5
wallpaper,5
stuck,5
csun,5
24th,5
disabilities,5
slower,5
follower,5
denhelsen,5
traveltip,5
toothpaste,5
mouthwash,5
samples,5
yearly,5
checkup,5
6pm,5
chc,5
churchill,5
gtweet,5
nm,5
trips,5
quoteoftheday,5
ri,5
westside,5
arubanetworks,5
atmosphere2017,5
mobility,5
27,5
bella,5
vita,5
nordstrom,5
rack,5
devos,5
shoes,5
argh,5
represents,5
welcomes,5
gay,5
alberta,5
barthubbuch,5
throne,5
puras,5
ratas,5
ingreso,5
cualquiera,5
inchiriere,5
apartament,5
camere,5
septembrie,5
constructie,5
suprafata,5
mp,5
mobilat,5
utilat,5
derrick,5
targets,5
chinese,5
travellers,5
alitrip,5
icny,5
slides,5
thrills,5
simply,5
stateivlp,5
nearly,5
sanantonio2014,5
laladartez,5
marked,5
daughter,5
flames,5
rape,5
swear,5
aikman,5
xlxgx,5
row4nlee,5
behave,5
identical,5
ronaldjhodes36,5
runnermanjim,5
manage,5
zanrene85,5
parties,5
actors,5
sylvia,5
william,5
sylvester,5
eric,5
2600,5
station,5
plane,5
spotting,5
yycliving,5
yyc,5
lbs,5
boost,5
fran,5
todo,5
1401,5
baxter,5
volunteers,5
seems,5
generated,5
pte,5
danilomedina,5
encabeza,5
reapertura,5
jaragua,5
sto,5
dgo,5
manos,5
grupo,5
tahun,5
sekrup,5
itu,5
tertanam,5
jantung,5
max,5
boon,5
india,5
caucus,5
honor,5
haunted,5
online,5
7571,5
westminster,5
v6x,5
"25,000",5
diva,5
sm,5
connections,5
winner,5
logan,5
trend,5
stole,5
pillowcase,5
autograph,5
bike,5
quarterly,5
minnetonka,5
salón,5
ciudad,5
stevie1dercc,5
marietta,5
mariette,5
marita,5
mario,5
maurita,5
merritt,5
cariotta,5
harriott,5
kariotta,5
ate,5
professionals,5
301,5
dscottfritchen,5
crown,5
thanksxavier,5
sesi,5
cerdas,5
cermat,5
sabtu,5
topik,5
respiratory,5
tempat,5
covered,5
lockoff,5
attention,5
tendrá,5
strike,5
sir,5
nomad,5
developer,5
lam,5
bronx,5
meals,5
gaithersburg,5
danilo23donna,5
9th,5
detect,5
smoke,5
annapolis,5
favourite,5
princess,5
rapunzel,5
jemelehill,5
lived,5
freewifi,5
según,5
revista,5
destaca,5
primeros,5
lugares,5
hongkong,5
sector,5
lateral,5
oriente,5
cerrado,5
carabineros,5
motivo,5
visita,5
presidente,5
hospeda,5
ticket,5
tweeted,5
kimpton,5
colony,5
bsa,5
eaglescout,5
robert,5
itsezlo,5
sick,5
honored,5
juliana,5
seru,5
direction,5
aulani,5
rees,5
transplant,5
surgeon,5
kidneys,5
ed,5
npo,5
founded,5
physiolou,5
themed,5
gateshead,5
cam,5
vouch,5
updated,5
laptops,5
logging,5
remove,5
soiled,5
laundry,5
mano,5
deloitte,5
infrastructure,5
trainers,5
houghton,5
foster,5
purwadi,5
nitimidjojo,5
wwdc,5
350,5
principal,5
93940,5
confused,5
3301,5
allowed,5
cannes,5
lessons,5
innovationpaul,5
waiter,5
testing,5
todayshow,5
515,5
polls,5
shelby,5
kustoff,5
2901,5
mistake,5
taylor,5
stp,5
hburg,5
mal_elemento,5
chulls,5
tarea,5
mñn,5
pal,5
sdr,5
aerosmith,5
avr,5
atracan,5
estan,5
anytime,5
عالم,5
جميل,5
köln,5
makin,5
ovay,5
frfr,5
romantic,5
salon,5
4040,5
indoor,5
involving,5
bites,5
suggestions,5
repair,5
expansion,5
resales,5
25500,5
nevada,5
beagles,5
goose,5
hmm,5
serving,5
intercontinental,5
chunky,5
electro,5
tunes,5
bishop,5
stopping,5
talented,5
s=8jnau5ahz4iu9b5o9zaq5vhvrfu,5
pooltime,5
son,5
utm_medium=email,5
fairfax,5
estaba,5
pasadita,5
considers,5
selling,5
unit,5
stanley,5
350m,5
sincityfinancr,5
kudos,5
gin,5
lahaina,5
clear,5
57,5
fees,5
bigotry,5
functions,5
complete,5
وخلص,5
اليوم,5
المليء,5
بالنشاطات,5
marble,5
arch,5
afdgfdsdhgh,5
accountant,5
transactions,5
anthonyxox,5
understandd,5
209,5
"20,000",5
scarcity,5
colton,5
strategic,5
emilio,5
tenut,5
variety,5
oscars,5
cutie,5
pineapples,5
forever,5
giants,5
phasa,5
watchbloodlions,5
rich,5
plotting,5
tweetup,5
hahahah,5
midnyte4082011i,5
westchase,5
names,5
required,5
comp,5
prizes,5
thebowerman,5
gigantes,5
letterman,5
imex15,5
trending,5
illustrated,5
lawsuit,5
sunshine,5
fayetteville,5
davie,5
goodmorning,5
wisata,5
liburan,5
harga,5
tiket,5
seminyak,5
traveloka,5
agoda,5
accounts,5
ikeja,5
lagos,5
nigeria,5
koffers,5
egypte,5
aanbieders,5
velocity,5
jackson,5
somewhere,5
particularly,5
scottish,5
discomatt,5
stevepitron,5
circa,5
rs,5
52,5
2b,5
2day,5
prop,5
it…,5
poppin,5
oregon,5
p=708,5
ritzcarlton,5
latepost,5
aboutaweekago,5
wreck,5
fiddling,5
juden,5
unerwünscht,5
p=249,5
balcony,5
savannah,5
courtneygaudett,5
courtney,5
yards,5
sight,5
uniondale,5
thurs,5
lighthouse,5
li,5
ikea,5
mandinkaaaaaaaaa,5
nfb09,5
circles,5
mb,5
banskinator,5
yummy,5
become,5
fans,5
palace,5
greenpoint,5
cream,5
mochi,5
helps,5
calories,5
hermoso,5
mileageplus,5
dispatcher,5
memo,5
documen,5
الشرطة_الأمريكية_تعتدي_على_اماراتي,5
28,5
stockholder,5
previously,5
evolving,5
ton,5
republicservice,5
advisory,5
sustainabilty,5
troon,5
jacks,5
waileascuba,5
maui…,5
beverage,5
dt,5
bunch,5
6am,5
tmrw,5
ja,5
attendees,5
torrance,5
hickory,5
joint,5
venture,5
rn,5
jenleo,5
thenegotiator,5
isl,5
160,5
175,5
atrium,5
jw_orlando,5
quality,5
holding,5
lifetime,5
entertainment,5
schedule,5
official,5
axialfest,5
pbr,5
possibly,5
spread,5
bos,5
looked,5
thumbs,5
compujeramey,5
waukesha,5
sad,5
martindsouza,5
apex,5
error,5
handling,5
oow,5
mia,5
groovy,5
lenny,5
leblanc,5
motor,5
speedway,5
therealjoeo,5
administrative,5
medford,5
noreserve,5
ratito,5
alberca,5
sólo,5
porque,5
agua,5
fría,5
tuxtlagutierrez,5
chiapas,5
knew,5
goa,5
moscone,5
nikko,5
javaones,5
encouraged,5
commissioner,5
admission,5
mishandling…,5
easier,5
iac,5
iacindc,5
junior,5
millennials,5
accomplishing,5
rid,5
desks,5
cypress,5
georgesgirlies,5
fact,5
chocolate,5
views,5
venues,5
sundance,5
investment,5
revpar,5
grows,5
macro,5
exist,5
analyst,5
tea,5
headache,5
1535,5
atl,5
steph,5
omaha,5
mandraws,5
breathtaking,5
erickajacobs123,5
charlesbuko,5
lamped,5
shorty,5
saludo,5
afecto,5
arturo,5
nuñez,5
jiménez,5
zaratyst,5
renton,5
townplacesuites,5
trivia,5
question,5
edt…,5
aambc,5
higgins,5
rdchicago,5
60631,5
ju,5
37th,5
voy,5
mo,5
tron,5
lizzi,5
manor,4
fords,4
holes,4
championship,4
fried,4
soulfood,4
damngood,4
sorted,4
apparently,4
cus,4
jamey,4
buchannan,4
aires,4
rooftop,4
lionfarmagm,4
reverbnation,4
finalists,4
ponte,4
sb49xespn,4
espn,4
fyyt,4
penguin,4
blesseds,4
sask,4
pub,4
buttes,4
unlocked,4
zahara,4
tamarindo,4
angelakeen,4
auntie,4
genoa,4
gobama,4
fortlauderdale,4
l=fort+lauderdale,4
2c+florida,4
vida,4
releases,4
silders,4
stellar,4
naacp,4
providence,4
branch,4
busy,4
bio,4
theresag,4
cwolffvodden,4
£20,4
indep,4
buz,4
dwn,4
twn,4
p=357,4
m=1,4
mep,4
spicy,4
belgium,4
witbier,4
peel,4
coriander,4
ciaculinary,4
ciapostroad,4
pontiac,4
kateconger,4
hburg2day,4
fairfieldhburg,4
follows,4
vitriolic,4
racist,4
wrong,4
speakers,4
washing,4
oklahoma,4
fr,4
imagine,4
adding,4
grandkids,4
depends,4
lollies,4
envelopes,4
maids,4
tscptmt,4
fooooood,4
foodie,4
allmeatflatbreadforthewin,4
proofing,4
dollars,4
willymo_25,4
delorme,4
focal,4
martial,4
39th,4
bullish,4
talent,4
horns,4
ancient,4
created,4
keri,4
glassman,4
wednesday,4
hangzhou,4
杭州jw万豪,4
scouting,4
ylove,4
fresh,4
beats,4
reverses,4
outback,4
opelika,4
denied,4
avail,4
sanfrancisco,4
mrfundog,4
union…,4
andyebon,4
kickbacks,4
shug24,4
suggestion,4
brxdstagram,4
maro2058,4
vaya,4
huevos,4
parisky,4
tambien,4
acordare,4
mundochristophe,4
resign,4
baseball,4
thegr8stever,4
wasnt,4
panelist,4
whippernsapper,4
rjtolson,4
indscribecon,4
renpalmsprings,4
norwood,4
song,4
computerworld,4
ranks,4
april,4
provided,4
solutions,4
deserves,4
joking,4
summerself,4
prolly,4
soc_trk=tw,4
acquires,4
seven,4
rockville,4
riverview,4
cjballa002,4
starving,4
thisneedstoend,4
convento,4
cusco,4
english,4
irisemily,4
teamlatinjustin,4
llega,4
mañana,4
ஜ,4
tripwow,4
ardent,4
grandparents,4
55th,4
atop,4
boyfriend,4
333,4
fw,4
steyblind,4
wages,4
depressed,4
bat,4
mitzvah,4
claybee,4
therapist,4
halfmoonbay,4
travelthursday,4
familydeals,4
tomhiddleston,4
kongskullisland,4
hiddlespage,4
fonkyhooligan,4
kiss,4
ent,4
truthordare,4
commences,4
ringing,4
beginning,4
christmas2013,4
kml,4
exercise,4
605,4
320,4
ba,4
tuesd,4
higher,4
collected,4
regina,4
popped,4
pabiebssigning,4
ahh,4
auhmazing,4
burgh,4
convert,4
gallery,4
weddingwednesday,4
thelovebelow9,4
htlops,4
vegashotelz,4
wang,4
highly,4
kingston,4
squee,4
alleyt26,4
huskerextrabr,4
1300,4
overflow,4
seared,4
foiegras,4
chipotlebrioche,4
tomatochutney,4
theresortatsingerisl…,4
intherhymes,4
itstashlovesujx,4
newmember,4
church,4
streets,4
i_am_lcr,4
shaba2017,4
bash,4
compliment,4
393,4
newspapers,4
tidy,4
jumping,4
sheet,4
limerick,4
theme,4
field,4
ne,4
jobchatr,4
udh,4
dp,4
buat,4
kan,4
banzir,4
nafa,4
fufufu,4
maps,4
5350,4
rick,4
angels,4
bioflorida,4
bioflorida11,4
grosvenor_house,4
67,4
b4,4
introduce,4
vietnam,4
debrad9,4
viewfromthetop,4
armylife,4
landfall,4
1200,4
culbreth,4
military,4
cutoff,4
congressman,4
moran,4
capital,4
word,4
leed,4
volume,4
williard,4
tuscany,4
acting,4
mentor,4
advice,4
rtoda,4
1s,4
2s,4
betawards2k15,4
mumbl3zz,4
jay_finesseit,4
awesomeness,4
drjeffersnboggs,4
medtopicwriter,4
mistygirlph,4
claudiabia,4
bebeto,4
después,4
prometo,4
seriamente,4
alejarme,4
rato,4
muchas,4
reuniones,4
uff,4
oceana,4
dryliemack,4
cr,4
turismo,4
chiste,4
ir,4
noches,4
dic,4
solo,4
cobran,4
3x,4
servicio,4
terror,4
ser,4
nacional,4
hablan,4
uno,4
pidiera,4
regalado,4
políticas,4
estadia,4
minima,4
consumo,4
mínimo,4
altagracia_cr,4
dosseh,4
tory,4
lanez,4
graceland,4
chrome,4
zoo,4
carriage,4
hardrock,4
museum,4
queen,4
riverboat,4
ect,4
wishing,4
happening,4
italian,4
collier,4
pee,4
64,4
detours,4
upgrade,4
nusadua,4
union,4
inhouse,4
pubblicita,4
gratuita,4
aziende,4
nuovo,4
sito,4
offerte,4
spref=tw,4
stkitts,4
driver,4
academy,4
studies,4
recognize,4
sassfrs,4
gps,4
whyyyy,4
oceanview,4
findyourroute,4
aaaahhhh,4
yaayyyyyy,4
5wk,4
hungary,4
joyful,4
newjersey,4
maccast,4
typicalmacuser,4
shumayabang,4
nanny,4
ren,4
wasted,4
drcherylarutt,4
injection,4
worry,4
lites,4
towels,4
guitar,4
tonne,4
hospitals,4
drink,4
mac,4
splitfish,4
frag,4
shark,4
decided,4
115,4
carriehill,4
129,4
fairmont,4
niallofficial,4
lou,4
intelligence,4
attempt,4
incase,4
doesnt,4
shag,4
aaronochoa117,4
firewheelrealtor,4
230,4
parks,4
comité,4
marine,4
pen,4
qui,4
trouve,4
du,4
accionesbj,4
revolución,4
tarde,4
arnemx,4
sexualprophet,4
regular,4
glenridge,4
familiar,4
sometimes,4
ie,4
fare,4
hariaczyi_trent,4
bombers,4
reduce,4
comparing,4
dynamo,4
redstem,4
stemedu,4
prevent,4
22574,4
redmond,4
cap,4
admin,4
ability,4
develop,4
strategies,4
fore,4
€139,4
hospital,4
nv,4
journey,4
system,4
entire,4
fashionwalk2010,4
meets,4
fashiob,4
mayhew,4
pleased,4
12015,4
southbeach,4
cindy,4
orley,4
billsnyc,4
614,4
70130,4
toc,4
buon,4
giorno,4
venezia,4
venice,4
favore,4
mad,4
lift,4
create,4
horror,4
bull,4
named,4
buckshot,4
conv,4
weighs,4
"2,200",4
mumraa,4
itchings,4
rotten,4
refrigerator,4
brilliantly,4
lastminut,4
vakatie,4
zonvakantie,4
curaçao,4
moderne,4
luxueuze,4
beac,4
pain,4
ducked,4
masses,4
poured,4
shy,4
appears,4
swipe,4
enhancing,4
body,4
regimen,4
travlandleisure,4
innatbayharbor,4
cncreswell,4
ahwak,4
zamalek,4
egypt,4
loveit,4
plain,4
mc_martha,4
adder1up,4
bucuresti,4
heisman,4
psb,4
ballet,4
iamspectacular,4
suck,4
hangover,4
protecting,4
bikes,4
gso,4
yep,4
roadmap,4
major,4
interest,4
relate,4
1633,4
bayshore,4
carey,4
5:00,4
adds,4
independent,4
unveil,4
included,4
sarahnharding,4
nadinecoylenow,4
spy,4
someones,4
129+,4
tallest,4
packet,4
パソコン通信、今から35年以上前ですね。,4
hotelで貰いました。,4
mirin_harayama,4
今の若い人はわからないかもしれませんね、パソ通！とま坊は一目ボレしたアヒルちゃんをもらってめでたしめでたし？,4
略,4
mixcloud,4
arena,4
til,4
anywhere,4
liam,4
xvi,4
convención,4
numismática,4
coleccionismo,4
reverón,4
11:00,4
5:00,4
nyefantasy,4
curso,4
pasacat,4
rondalla,4
performance,4
apca,4
fortune,4
roy,4
forge,4
1100,4
drummers,4
wayne,4
mincomercioco,4
confirmó,4
consorcio,4
ftp,4
quedará,4
concesión,4
taught,4
abc,4
gearing,4
clas,4
9,4
inaguration,4
potetionally,4
drum,4
windsor,4
royal,4
marrionette,4
macbook,4
pro,4
thks,4
dutiful,4
replacement,4
adpater,4
magnificnet,4
billion,4
angles,4
doubling,4
residenceinn,4
champaign,4
miainil,4
substitute,4
wassup,4
alvaevents,4
140007wl,4
administration,4
norte,4
mingle,4
ran,4
historical,4
letsgo,4
pyro,4
accident,4
ted,4
gentle,4
ak_bmoney,4
beloit,4
wi,4
palmas,4
djchrislake,4
_themayor_,4
ftlauderdale,4
beachplace,4
bravo,4
firstpost,4
vine,4
prez,4
righteous,4
arrival,4
vicepresident,4
biden,4
trucon15,4
holed,4
diver,4
cousins,4
situashon,4
trafiko,4
cirkulo,4
manera,4
dorp,4
janwe,4
racine,4
footlocker,4
emmylou,4
20baltimorethingsiwillmiss,4
opo,4
eksena,4
ang,4
tabo,4
£9bn,4
imf,4
rbs,4
£700mil,4
uk,4
taxpayers,4
visited,4
mops,4
comeback,4
turnover,4
mejor,4
ordway,4
hershberger,4
pretty_lilniyah,4
cme,4
brian_nov,4
lillianskye_,4
ericign,4
binks,4
propuesta,4
ronie_8,4
luis,4
¿cómo,4
podemos,4
ayudar,4
whiteplains,4
plains,4
weee,4
xmas,4
longhorn,4
7:30pm,4
ncpudgy,4
spaces,4
communal,4
costa,4
rica,4
printer,4
wins,4
finishing,4
opengate,4
westchester,4
3030,4
enhances,4
6:00,4
aqui,4
haciendo,4
3k,4
5000,4
yl,4
worship,4
yl75,4
losing,4
playoffs,4
spadeals,4
gbp,4
416,4
الفنان,4
عمرو,4
دياب,4
مُنذ,4
قليل,4
فى,4
حفل,4
زفاف,4
بفُندق,4
amrdiab,4
informed,4
kimptonlove,4
innercircle,4
aug,4
wings,4
63,4
basement,4
nightlife,4
kpagnucco,4
fishes,4
tommorow,4
listing,4
597073,4
park2660,4
20008m,4
cheese,4
4q,4
based,4
day2,4
spa（オキナワ,4
マリオット…,4
imma,4
tf,4
firstadjustmentprocessing,4
thenchargebacks,4
thentheworld,4
temptationatl,4
hollins,4
girlfriend,4
577244,4
openning,4
lookin,4
wlakin,4
partner,4
leo_maldo954,4
tgif,4
romney,4
magician,4
pinkhunnieh,4
recording,4
oreilly,4
confreaks,4
expects,4
gain,4
dissatisfied,4
existing,4
yea,4
ciroc,4
cirocpeach,4
palmdessert,4
longweekend…,4
fittest,4
utm_source=tanga+emails,4
danwetzel,4
595,4
dwindles,4
campaigns,4
encouraging,4
consumers,4
skip,4
agents,4
directly…,4
lounges,4
afford,4
travelgov,4
statedept,4
bootcamp,4
instead,4
fyi,4
colleagues,4
pulling,4
tonic,4
catastrophic,4
debuts,4
hong,4
kong,4
sha,4
15700,4
77th,4
154th,4
row,4
seat,4
match,4
passion,4
rafael,4
nadal,4
miamiopen,4
jwmmmiami,4
jwmm_miami,4
koloa,4
2000,4
vlshomes,4
vls5580852,4
8:30,4
mailed,4
passkey,4
trouble,4
replied,4
csfail,4
shifts,4
howthewestwon,4
foamlake,4
andyshauf,4
_wewerelovers,4
falltoshona,4
thyme,4
funny,4
promo,4
bowties,4
worn,4
marcuscollinsuk,4
taken,4
unlike,4
selamat,4
response,4
angst,4
drunken,4
lovinthesouth,4
bdrm,4
pbvs,4
lifestyle,4
mdeku1,4
lex,4
gtchatmod,4
soarwithseng2015,4
gtchat,4
downside,4
younger,4
wealth,4
hao,4
dim,4
sum,4
decorated,4
chefs,4
sgfood,4
sgblog,4
fireball,4
gotchu,4
custom,4
30k,4
90k,4
sgherlitz,4
stefan,4
difficult,4
uvc,4
logistically,4
configure,4
ustfccca,4
preparations,4
behindtheseemes,4
phoenix…,4
tonights,4
pipe,4
recipient_id=14369314,4
deer,4
vincent,4
lemon,4
74855,4
lazar,4
fronnof,4
rhe,4
4:15,4
510,4
crabcakes,4
nonetheless,4
balticon42,4
all=,4
busters,4
northwest3950,4
westerre,4
23233,4
watched,4
jonathan,4
traveltot,4
rafflecopter,4
sharm,4
sheikh,4
shawan,4
cockeysville,4
ocdchick,4
mcmedia,4
plenty,4
hackensack,4
hrs,4
fallout,4
shelter,4
nearby,4
slightly,4
retweeted,4
gata,4
gatainfo,4
macon,4
khadijadominiqu,4
miketyson,4
souvenir,4
simeone,4
deary,4
261,4
serene,4
fold,4
kitten,4
bathroom,4
total,4
minni,4
mouse,4
partytonight,4
move,4
magnificent,4
northern,4
chloethescript,4
mill,4
caridff,4
gencon,4
screwed,4
asians,4
blogs,4
2moro,4
northernkind,4
yhe,4
coaches,4
jobereza,4
patriciaconroy,4
countrifiedca,4
9:30ish,4
backing,4
oliviarosemusic,4
earlier,4
iah,4
impressions,4
concept,4
sd,4
canon,4
sleepy,4
desc,4
cross,4
lady,4
pair,4
invitational,4
shanehoward,4
timeliner,4
travellikeralph,4
horribly,4
13101,4
20170,4
riverfront,4
wraps,4
throw,4
beauties,4
dian,4
tower,4
mommy,4
spin,4
pricelined,4
camden,4
75,4
orioles,4
josutka,4
iste11,4
montvale,4
browns,4
stadium,4
jeco,4
shar,4
wedding…,4
aliceelizabethh,4
bowling,4
backs,4
meatballs,4
sunlitgold1968,4
stujohnsen,4
benwinslow,4
ditto,4
erasure,4
sacred,4
remix,4
lujo,4
alcanzable,4
opus,4
mulberrypoppins,4
freebie,4
dealt,4
track,4
davidmihm,4
lutz,4
cusine,4
ario,4
próximo,4
alishablair14,4
kitt,4
beat,4
myers,4
storie,4
cuz,4
position,4
talents,4
lyft,4
injured,4
adaagissafety,4
brokemyneck,4
enterprise,4
gaylord,4
utm_source=ishare,4
olive,4
littleton,4
14001n4u,4
dissector,4
knocking,4
jleonard777,4
rmjones928,4
ratings,4
vid,4
infinite,4
punchmeintheface,4
photograph,4
mission,4
hahah,4
dads,4
getalljobs,4
riversstarkey,4
r6,4
prototype,4
soaking,4
hitching,4
moore,4
shackdaddy,4
royalty,4
vto,4
chill,4
greet,4
mentioned,4
sometime,4
br1ckz,4
naronresearch,4
independence,4
cab,4
sukhumvit,4
alex,4
skolnick,4
ampkit,4
egomesduarte,4
changed,4
immediate,4
waukegan,4
cuban,4
pointe,4
virtualgoods,4
engage,4
hurt,4
grey,4
drizzly,4
keeper,4
observing,4
merch,4
monkeying,4
tonite,4
oooowweeee,4
finna,4
turndown4what,4
schiff,4
rude,4
barber,4
carson,4
bbc,4
legend,4
earns,4
prestigious,4
butte,4
universal,4
yarn,4
shawl,4
jonny,4
s0o0,4
fuckingg,4
liivveeeeee,4
aviary,4
maholla,4
wood,4
nasty,4
rahaeskafi,4
joshywhiteheadd,4
suicidal,4
janet,4
devlin,4
slatin,4
boi,4
harry,4
lj,4
newfriends,4
teamu,4
192,4
~~tomorrow~~,4
pre,4
rum,4
punch,4
threesheets,4
brutal,4
redeye,4
whip,4
patobrien12,4
sirbigworm,4
**great,4
575,4
waipahe,4
phxreguy,4
fpo,4
loribee,4
mayareguru,4
sherrychris,4
gahlord,4
frankparker,4
treated,4
lousy,4
471kbps,4
vallarta,4
8am,4
fax,4
beachclub,4
vacationpackages,4
return,4
ty,4
marc,4
опубликовано,4
фото,4
sahar,4
truffle,4
duds,4
cvr,4
amyknapp,4
brunch,4
191,4
cochran,4
simi,4
¡aterrizaron,4
verdolagas,4
nacionaloficial,4
hospedará,4
mariegi7,4
rizriznicole,4
maxims,4
solaire,4
cruises,4
norwegian,4
philmcgarvey,4
application,4
travelmamas,4
ale,4
formal,4
pix,4
lalemon,4
zero,4
ritual,4
summoning,4
sear,4
crash,4
seminar,4
raise,4
siw101,4
chloe,4
bennet,4
elizabeth,4
henstridge,4
concentrated,4
missing,4
"80,000",4
140,4
shaw,4
feedback,4
larathornton,4
wirelessly,4
jdetrgyc,4
yp,4
dachesterfrench,4
traveled,4
cuando,4
más,4
inspections,4
ines,4
faustino,4
hombre,4
mickconnis,4
hôtel,4
étoiles,4
luxe,4
week_end,4
greenlodgingnews,4
voices,4
grsp,4
pena,4
pisar,4
ensuciar,4
bigger,4
neversaynever,4
segway,4
msg,4
hahaa,4
fest,4
jwlalive,4
gospel,4
dragoncon2015,4
★,4
kingdom,3
offthatwet,3
microsoft,3
intel,3
amc,3
starz,3
dell,3
salesforce,3
braves,3
hawks,3
unilever,3
lion,3
lem,3
spalife,3
1933,3
whats,3
ohmygodhuntdawg,3
homecoming,3
21+,3
majesty,3
stand,3
neuvoohoswas,3
id=00x5wwg9ge,3
client_id=644,3
k=banquet+cook+i,3
pattaya,3
lands,3
computing,3
int,3
xxl,3
statisbeatnik,3
chzmongerswife,3
gbta,3
gbta2013,3
gbtasandiego,3
aeroporto,3
internacional…,3
fenton,3
134,3
cast,3
contentmarketing,3
la_patilla,3
cierre,3
daños,3
vías,3
decent,3
tip,3
militarylife,3
guardsman,3
nationally,3
collins,3
wash,3
satellite,3
supporting,3
ommmmgggg,3
crying,3
lastminute,3
reisen,3
ab,3
836,3
ferien,3
secret,3
aseando,3
camioneta,3
salir,3
volando,3
acustico,3
todos,3
residents,3
twice,3
flexicon,3
4:53:42,3
resale,3
crispybenjamins,3
strawberries,3
costamesa,3
jwmessexhouse,3
tmom,3
heaven,3
bbc4,3
malecon,3
615,3
miraflores,3
45000,3
58,3
luna,3
sailormoon,3
chibimoon,3
sailorchibimoon,3
lunap…,3
"150,000",3
buckeye,3
85326,3
edmonton,3
hrid=8p7aitigxgjv_50ptod0yg,3
screaming,3
december,3
aquae,3
p=28150,3
race,3
mandalay,3
hostelsarethefuture,3
incorporate,3
the_hostelgirl,3
hiusa,3
aseaofquotes,3
zoe,3
westshore,3
powerboat,3
reston,3
potomac,3
jennifer,3
tourist,3
influx,3
brings,3
joy,3
amid,3
glut,3
forbiddenfruit,3
muskoka,3
gravenhurst,3
westport,3
petersgreenberg,3
spotlight,3
justin,3
rub,3
twats,3
thjs,3
funny_truth,3
applestore,3
fernandoc1995,3
buddy,3
miamilawrence,3
smwmiami,3
smw,3
crazytown,3
somiami,3
#NAME?,3
soc_src=mediacontentstory,3
yahoofinance,3
lightspeed,3
leonardnimoy,3
williamshatner,3
kate,3
mulgrew,3
mulgrewk,3
ballroom2,3
scraps,3
fridge,3
wowza,3
bidet,3
ballin,3
award…,3
studio,3
wimax,3
rainforest,3
broad,3
_nathalieeb,3
grantamm,3
d_shockey,3
realmaxpyle,3
socialite,3
quickie,3
merrychristmas,3
janamillen,3
sandestin,3
hub,3
jeb512,3
mountainside,3
colojobs,3
towne,3
sliced,3
sauerbraten,3
figuring,3
raffle,3
mahadlekluang,3
rajdamri,3
pathumwan,3
hurry,3
simon,3
hoo,3
laist,3
globaltravelcouple,3
travelbrillantly,3
naiyang,3
thailand…,3
5pm,3
chamber,3
hors,3
aways,3
briefing,3
moves,3
acquiring,3
harper,3
doctorchristian,3
episode,3
yannicklawry,3
rockcliffe,3
cdp,3
ottawa,3
plat,3
29th,3
dcurtis,3
479,3
fundacion,3
boca,3
pozo,3
puro,3
homewood,3
shades,3
parkway…,3
africa,3
chrisr_wine,3
lame,3
jays,3
hung,3
sportsmom_51,3
shaiyhoward,3
zenchaos,3
nap2011,3
cantando,3
drumbanextlevel,3
quimo,3
dated,3
samoan,3
skinny,3
needs,3
foreign,3
tweetie,3
sjadams74,3
nail,3
technician,3
ironshore,3
bock,3
caybrew1,3
anchor,3
den,3
craic,3
kakapasok,3
lang,3
tambak,3
agad,3
horaay,3
manic,3
sochi,3
russia,3
surprise,3
forgotten,3
drk,3
merrillville,3
indi,3
courting,3
recipients,3
kingsgate,3
kno,3
kampus,3
frontofth3line,3
darkskinden,3
tall,3
bldgs,3
78,3
ilegaledai,3
dois,3
caminhoes,3
calcada,3
frente,3
obra,3
tengel,3
frontal,3
ao,3
beleza,3
elemyotero,3
m_anthony04,3
hattoriheji,3
drofcredit,3
pointscentric,3
switching,3
diff,3
insta,3
grub,3
urge,3
fifa,3
firstworldproblems,3
ofertas,3
trabajo,3
recepcionista,3
compañía,3
recepcion,3
latin,3
washinton,3
uncle,3
speshle,3
failed,3
thomaskettlety,3
georgemontella,3
missions,3
ladies,3
buellton,3
dodo,3
shame,3
affiliation,3
sci,3
hawaiian,3
donations,3
throwback,3
memyselfnyou,3
birthdayfun,3
rehearsal,3
greg,3
consult,3
murdered,3
wolves,3
howesound,3
provoncialchamps,3
fuckdemall,3
fishclub,3
2u,3
vincentwalker,3
manlaw,3
bible,3
orgy,3
bradley,3
alibi,3
grantwahl,3
burglary,3
salvador,3
allagash,3
january,3
announcement,3
destinationwedding,3
thestorysiren,3
dbarnes2011,3
ove,3
eagles,3
invitation,3
corporation,3
desa,3
inglis,3
deputy,3
nsa,3
traxxfm,3
invades,3
presenters,3
steelheart,3
firehouse,3
houseoftay,3
engineering,3
приобретет,3
гостиничную,3
сеть,3
turkey,3
deli,3
takeout,3
loopy,3
christianhoman,3
thedragonclub,3
larryflick,3
kylie,3
larry,3
driving,3
ashleyrae1388,3
bedford,3
clip,3
utterly,3
dreaming,3
illin,3
teebrain,3
complife,3
espy,3
loop,3
boutique,3
berners,3
caterer,3
otomeeting09,3
timers,3
acclimated,3
drums,3
magma,3
magmaamps,3
zildjian,3
tama,3
dms,3
rover,3
rontaylornl,3
bestearthpix,3
2006,3
def,3
iamlittleboots,3
netflix,3
hulu,3
verge,3
native,3
guidance,3
silencing,3
onion,3
cree,3
cold,3
firstnation,3
treaty6,3
polstar,3
terryvietheer,3
carpet,3
delay,3
intvw,3
dolphins,3
sipbrewster,3
grlzzy,3
cente,3
symposuum,3
thirty,3
soars,3
americas,3
christina,3
medical,3
hos,3
ritzcarltoncsr,3
terrific,3
voluntourism,3
serve,3
csr,3
hoes,3
seein,3
sistah,3
betsey,3
ujuuuu,3
allergan,3
victim,3
olson,3
portfolio…,3
force,3
nature,3
inspiring,3
wordpressdotcom,3
rush,3
estará,3
hospedado,3
perú,3
grr,3
charged,3
miller,3
ze,3
realestatezebra,3
interval,3
within,3
bookmark,3
shaelynteanna,3
cheer,3
hamiltonmusical,3
standby,3
vulture,3
safeandsound,3
ficp,3
forum15,3
matthews,3
government,3
bailouts,3
mail,3
warren,3
bellator,3
nintendo,3
gamers,3
meanwhile,3
settling,3
noisiest,3
aircon,3
enuf,3
internetz,3
harbourfront,3
carmenusafan,3
gratis,3
llamada,3
gratuitos,3
reservas,3
mundo,3
apnea,3
wallingford,3
menos,3
agradable,3
estos,3
jfk,3
ecstewart,3
ads,3
lower,3
apologize,3
totem,3
roup,3
budget,3
relives,3
public,3
johnny,3
manziel,3
soooo,3
becomes,3
attracted,3
evan,3
peters,3
avidgolfer,3
coloavidgolfer,3
jwdesertridge,3
quand,3
arrive,3
ville,3
panamacity,3
instalife,3
instagood…,3
mais,3
poemsporn,3
holy,3
crow,3
rey,3
boosted,3
markets,3
economy,3
poolside,3
flutterby,3
enclaves,3
portsmouth,3
newhampshire,3
wentworthbythesea,3
dwarfio,3
untie,3
completing,3
worldcup,3
panini,3
sticker,3
ambassador,3
df,3
deekillingem_,3
lmfao,3
option,3
kapolei,3
qt_pie1602,3
paying,3
mrpaparazzi,3
peaches,3
remodeled,3
removed,3
mirrored,3
jackass,3
muscle,3
primeiro,3
beijo,3
timmy,3
aconteceu,3
chorando,3
pobreza,3
2100,3
alaskan,3
cry,3
iamlegend,3
butchgloria,3
fairway,3
mbb,3
byutv,3
sportsradio1210,3
coverage,3
dscmbb,3
successfulmtgs,3
addicted,3
houseofcards,3
cares,3
dropping,3
auction,3
items,3
wallace,3
barbra,3
bristol,3
hippodrome,3
panto,3
million£drop,3
cl,3
1051,3
alexdoherty_,3
meganhamel98,3
relevance,3
arise,3
sana_sharif,3
sana,3
tom_riddle8,3
tukwila,3
ourordinarylife,3
prepare,3
juaneagle,3
"6,000",3
journalists,3
woodward,3
doreenhdickson,3
arm,3
leg,3
housepat,3
googleplex,3
saa,3
5:15,3
80s,3
gear,3
an13,3
vidrio,3
modelado,3
incrustaciones,3
frederick,3
fat,3
amy,3
morrison,3
gregkeuter,3
washingtonian,3
mohedano,3
tom8williams,3
noi,3
ka,3
oi,3
tcot,3
revised,3
grosses,3
rhyminsimongr,3
brookline,3
vca,3
norumbega,3
caribjournal,3
edloz,3
tourismhaiti,3
denis,3
digicelgroup,3
groom,3
prepares,3
rehearsals,3
ongoing,3
billcorbett,3
vice,3
unveiled,3
gingerbread,3
cdata,3
keen,3
valero,3
louise,3
18:00,3
bea,3
touched,3
mayors,3
masquerade,3
pistorius,3
thereal_nox,3
droid,3
encounters,3
m4m,3
50yr,3
male,3
vers,3
130012nb,3
interactive,3
medium,3
andrewhahnpsyd,3
abusing,3
offered,3
provides,3
suite216,3
trash,3
brambleberry,3
quotes,3
apropo,3
late,3
shuffle,3
fetus,3
zayn,3
audition,3
3739,3
admit,3
basically,3
solano,3
push,3
layout,3
grounds,3
relaxation,3
infested,3
mites,3
fee,3
parentals,3
cheating,3
grilled,3
ordinary,3
findyourworld,3
lunches,3
tricky,3
recs,3
rt14,3
ionasaffron,3
scared,3
yodaidontlook,3
551367,3
eastside,3
ozone,3
omahapolice,3
amber,3
makers,3
sxsw,3
tito,3
cosmo,3
pt=biz_photo,3
select=quhdqtqakyplbl22kiimtw,3
hainanjobs,3
only2degrees,3
monica,3
rollercoaster,3
scary,3
59,3
4d3n,3
manhattans,3
ericblee6,3
swackhap,3
agreed,3
sdcc,3
matty,3
collectibles,3
caesar,3
columbusga,3
visitcolumbusga,3
theres,3
popcorn,3
bahahahaha,3
minturvenezuela,3
hotelesvenetur,3
firma,3
contrato,3
alianza,3
comercial,3
empresa,3
operar,3
ho…,3
cbo,3
kodak,3
viable,3
ellbeecee,3
non,3
portola,3
310,3
dunno,3
rbfcu,3
randy,3
shanti,3
fultondale,3
carambola,3
croix,3
p=540,3
gn,3
jwdubaimarquis,3
joordan_davies,3
ross_7_7,3
dailykos,3
raped,3
child,3
allifred15,3
thanksencounter,3
encounterhou,3
deliveries,3
voddies,3
belt,3
chriscelauro,3
aweekoraweekend,3
ineedtostayhome,3
bli,3
liquor,3
4dayweekend,3
toby,3
record,3
legacy,3
dunn,3
loring,3
dawniemom,3
ar,3
brighton,3
gooooooooo,3
offering,3
madrid,3
importing,3
noble,3
strength,3
rustico,3
pump,3
850,3
alec,3
6:00,3
amplas,3
sfx,3
artist,3
rod,3
durick,3
powercon,3
pop,3
25th,3
buf,3
asshole,3
dogging,3
superboat,3
terminal,3
maintain,3
ini,3
at…,3
480,3
wakara,3
unveils,3
pottery,3
virginmedia,3
oops,3
albuquerque,3
newyear,3
omw,3
jade,3
michelleeezy,3
coryoutthehouse,3
putri,3
hijau,3
guru,3
patimpus,3
canneslions,3
1765,3
vr,3
gossip,3
celebrity,3
planner,3
weddings,3
moved,3
essence,3
caviot,3
emptor,3
xango,3
suitcases,3
pah,3
cinemizer,3
goggles,3
fastcompany,3
powell,3
oil,3
adamsona,3
anthropologist,3
furthest,3
nyustern,3
chairs,3
1960s,3
stewardesses,3
outdoor,3
tdk,3
noroomforhate,3
source=tw,3
herbwoman,3
2nite,3
pressquest,3
cyogalab,3
lifeofapilot,3
hotelyoga,3
international…,3
txt,3
peyton,3
kmcj5,3
darealistmvp,3
wk,3
deciding,3
400+,3
2themaxpowers,3
sites,3
hudson,3
preparing,3
pissed,3
dire,3
gwyneth,3
oscar,3
mhowell_godeep,3
groucho,3
marx,3
choosing,3
enthusi,3
returned,3
supposedly,3
finisterre,3
cambiará,3
nombre,3
28th,3
2660,3
pricey,3
teleportation,3
virtualreality,3
exactdrive,3
chocolates,3
happybirthday,3
goodtobeanemployee,3
bloody,3
hats,3
danielle,3
lloyd,3
transformed,3
demands,3
hotelmarketing,3
agente,3
vigilancia,3
toluca,3
méx,3
bolsadetrabajo,3
rtplease,3
beardeddalek,3
bottles,3
platinummemberswag,3
amberrhea,3
sjc,3
wicked,3
bell,3
celebrities,3
deurty,3
14s,3
victory,3
bracket,3
bjnc,3
osbourne,3
hotel=,3
lawl,3
snip,3
knee,3
journal,3
innovation,3
judybopp,3
ominous,3
hovers,3
obviously,3
talked,3
boo,3
twilight,3
4901,3
akron,3
commin,3
holloween,3
goals,3
nsm,3
jwstarrpass,3
automatically,3
hundreds,3
terrace,3
spray,3
tattoo,3
astorial,3
sparkling,3
wines,3
gailporter,3
ugh,3
jcolenc,3
cypher,3
£30,3
£77,3
"200,000",3
goodyear,3
85395,3
8:00,3
trevi,3
marzio,3
ti=cl,3
1399,3
2bd,3
honolulu,3
807,3
ditch,3
dangerous,3
cure,3
burberry,3
ownmedan,3
16th,3
readers,3
midliferoadtrip,3
sandimckenna,3
siegen,3
ontbijt,3
southern,3
chazdiaz,3
advert,3
reminded,3
tearsoflaughter,3
lawrence_savill,3
yolo,3
chinos,3
snapback,3
hash,3
tag,3
users,3
duffle,3
jgunnisbetter,3
charger,3
courtyardhotels,3
bam,3
amazingservice,3
lean,3
hdtv,3
laptop,3
november,3
fall,3
construction,3
ñam,3
eventolamer,3
newest,3
olaya,3
realestate,3
dutch,3
v=eyae9k8yaky,3
aad2016sav,3
appeared,3
opphoto,3
trstnggod,3
warrior,3
renovated,3
islesfansunite,3
islandermania,3
mattymartsego,3
2:30,3
abu,3
dhabi,3
inabudhabi,3
katherineellis1,3
rhopsi,3
chapter,3
omegapsiphi,3
physical5thd,3
marchdown,3
knoxville,3
happened,3
5801,3
bren,3
137,3
kelly_herself,3
paid,3
ruta,3
gastronómica,3
celebrar,3
valentín,3
sábado,3
febrero,3
recorr,3
та,3
есть,3
там,3
рядом,3
кофе,3
сигареты,3
хуле,3
вы,3
беспомощные,3
то,3
такие,3
51,3
float,3
fc08,3
packaging,3
cfomeeting,3
suenos,3
pennwriters,3
dénia,3
sella,3
disfrutar,3
unas,3
mere,3
wing,3
hotlanta,3
tiring,3
westlake,3
jeffw198,3
jeff,3
kendra,3
92663,3
merger,3
princessleah7x,3
7856,3
reminds,3
funeral,3
grandfather,3
estates,3
eventplanning,3
gardenweddingvenues,3
23rd,3
agriculture,3
dirty,3
620,3
caroline,3
ridiculous,3
ahhhhhhh,3
dove,3
chipotle,3
launching,3
explored,3
fir,3
blockiert,3
wlan,3
hotspots,3
ihrem,3
teas,3
360,3
marque,3
jimmerfredette,3
31st,3
tabasco,3
promoted,3
radisson,3
staging,3
strings,3
restring,3
401,3
riverpoint,3
luxurious,3
233,3
cars,3
lyssar0s3,3
brintcitync,3
keeps,3
trying,3
decide,3
themayfairhotel,3
dya,3
acarvin,3
pinnacle,3
bernadette,3
peninsula,3
faire,3
opportunities,3
oxonhill,3
uniquelady4u,3
goin,3
disgraceful,3
burly,3
snapping,3
distress,3
eli2017,3
older,3
hes,3
310th,3
newsletter,3
53rd,3
acpc,3
dig,3
portait,3
lovetravels,3
andrea,3
mommieseries,3
shopforacause,3
crimestoppers,3
allows,3
prepay,3
470,3
nit,3
evidently,3
repurposed,3
flower,3
arrangements,3
their…,3
wuiiih,3
lg,3
filipin,3
nih,3
om,3
jul,3
ijoelbola,3
magandang,3
umaga,3
eno,3
selena,3
7544,3
teague,3
severn,3
21076,3
monsters,3
aliens,3
ipxls,3
turtle,3
prince,3
partytime,3
grindtime,3
qc,3
vac,3
vp,3
lizabeth,3
"5,000",3
acn,3
dupont,3
358,3
valu,3
hawley,3
6611,3
altdotnet,3
anybody,3
gmbo,3
portugal,3
macn,3
hiltonheadisland,3
surfwatch,3
process,3
stars,3
wishin,3
downingstband,3
upload,3
yuk,3
sanjuan,3
arrests,3
woke,3
pacific…,3
são,3
paulo,3
fought,3
nodded,3
shentonstage,3
bobbypilch,3
feed,3
barcelona,3
hvs,3
ensure,3
correct,3
nikkihaley,3
thinks,3
confederate,3
prove,3
gaga,3
bangun,3
siap2,3
balik,3
ke,3
habitat,3
liddlee_bit,3
mikemelinoe,3
youu,3
tot,3
ken,3
p=598,3
diegofernandez,3
estás,3
acabas,3
pronto,3
tomamos,3
una,3
repercussions,3
bucket,3
loveeeee,3
nop,3
meliá,3
cadenas,3
americanas,3
starwoods,3
vienen,3
entrando,3
hasta,3
lograron,3
permisos,3
wipit,3
iowipit,3
giveaways,3
730,3
binghamtonu,3
stenger,3
parent,3
trinity,3
minds,3
gtaco,3
therideshareguy,3
remain,3
programs,3
redeemable,3
puerto,3
nicholstrip15,3
youranonnews,3
fcc,3
fines,3
"600,000",3
jamming,3
affective,3
caught,3
connected,3
lalive,3
12000hf2,3
fit,3
rihannadaily,3
omgg,3
rihanna,3
deemmarie,3
vienna,3
coding,3
7,3
aquarium,3
impossible,3
areas,3
ruston,3
thebestinluxury,3
wa,3
mplaces,3
trade,3
pens,3
strange,3
flags,3
rim,3
axel_bd,3
nimodo,3
random_eddie,3
happen,3
reposted,3
remembers,3
arabic,3
j=4645733,3
headlines,3
canpro,3
insulation,3
utm_campaign=haligonia,3
brp,3
aja,3
mba,3
mamikwidayanti,3
pengen,3
nyobain,3
kopitiam,3
oey,3
dpn,3
",mumpung",3
happyhour,3
disc,3
persen,3
lon,3
ont,3
piece,3
45th,3
jimcantore,3
located,3
osnapitsfayzah,3
lauren_myers_xx,3
lezbe,3
secrets,3
paullltaylorr,3
mattlevitt1,3
townnn,3
amantes,3
comida,3
marzo,3
cntd=150,3
pitt,3
granite,3
significant,3
flaw,3
googlealerts,3
techristinadoll,3
tellajones,3
affected,3
livin,3
bencoffeyclark,3
twalker,3
cs,3
parkcenter,3
oficialmente,3
eres,3
mylife,3
lobster,3
ssradiodjs,3
yippee,3
23,3
moneymeahpree,3
props,3
preferred*,3
4star,3
garylineker,3
piersmorgan,3
waynerooney,3
grief,3
doctors,3
smackin,3
ova,3
der,3
everydaychilll,3
amanisherie,3
j_strongarm,3
cooked,3
peg,3
egg,3
heel,3
scabby,3
springbreak14,3
trail,3
1201,3
arubanews,3
deborah,3
friess,3
wordo,3
honra,3
mma,3
leaf,3
deck,3
pid=cffd2,3
spid=ffhr,3
cell=6rlj,3
msc=1512374935,3
islamabad,3
taliban,3
availability,3
kuwait,3
loudenstudio,3
sponsor,3
skincare,3
sezyrazzberry,3
nuttin,3
laniek,3
brickhouse,3
tavern,3
dressed,3
blood,3
brothas,3
e3,3
birthdays,3
hkergrrl,3
pinterest,3
cayman,3
lesson,3
seaview,3
afb69,3
sniffle,3
meh,3
sory,3
frustrations,3
149+,3
bulldog,3
county,3
venueid=4f1bee61e4b0c7ea6882f103,3
venuename=pool,3
20spa,3
20county,3
20hall,3
boulder,3
msloobylou,3
mlia,3
tons,3
acers,3
investments,3
sabal,3
"3,000",3
urfavoritefemme,3
delaware,3
backonmyfeet,3
charity,3
sbaucus,3
laying,3
neg,3
lockout,3
observe,3
chardizzle_,3
archives,3
diner,3
nnsomniacdreams,3
jameson,3
adadc,3
assist,3
tracyvwilson,3
bouncer,3
swears,3
gonzaroo,3
pacific,3
pete,3
funded,3
outpouring,3
necn,3
senengnya,3
nemu,3
ginian,3
vingoodwin,2
mummy,2
wrap,2
breeding,2
facility,2
compatible,2
preserve,2
shancrowleyx,2
hollie_boobie,2
audreygriswald,2
billy,2
reid,2
djtomstephan,2
providers,2
politicians,2
ending,2
bulleit,2
oldfashioned,2
aust…,2
oneforty,2
valentine,2
atpattaya,2
pra,2
85212,2
***houston,2
event***,2
806,2
ballrooms,2
3…,2
cinqo,2
ashleelblack,2
muah,2
pod_legal,2
womenkudos,2
cbawomeninfocus,2
trailblazer,2
rural,2
ultimo,2
relajado,2
acaba,2
empezamos,2
serio,2
recargando,2
espera,2
suites®,2
marismith,2
disassemble,2
bittersweet,2
sofancy,2
friendsinhighplaces,2
東京マリオットホテル,2
campamento,2
emprendedor,2
aguascalientes,2
llevará,2
cabo,2
registro,2
desde,2
8:00am,2
tiene,2
costo,2
tack,2
2everlasting,2
butter,2
important,2
thefroge1,2
musings,2
janedueker,2
bikini,2
photoshoot,2
squad,2
ohare,2
amandala,2
dolphin,2
riverboatronhc,2
relative,2
panther,2
palmilla,2
riskybusinessmb,2
hook,2
flew,2
barking,2
dogs,2
6400,2
ivy,2
personaltruth,2
changing,2
gustado,2
vídeo,2
semester,2
8623,2
vineland,2
32821,2
fa09,2
bela,2
fleck,2
questlove,2
roots,2
creativity,2
vans,2
2:45pm,2
cinco,2
melville,2
faves,2
dougsand7,2
boogeyman,2
gregwillits,2
lorazoff,2
equinoxx,2
707163,2
p=16955,2
interviewing,2
counsel,2
corpo,2
rentzsch,2
stefanabingdon,2
adorable,2
badly,2
elsewhere,2
dances,2
mkamensek,2
welcoming,2
picstitch,2
shoots,2
lowered,2
forecast,2
sl,2
travelgram…,2
mth,2
mins,2
começou,2
demi,2
jonas,2
type=2,2
onlyinatlanta,2
orlandojobs,2
bewertung,2
zu,2
arkania_spirit,2
punkten,2
chuckwendig,2
starring,2
petewentz,2
stephtara,2
sean,2
ammirati,2
ping,2
mavis,2
becon,2
typing,2
tutor,2
type,2
wpm,2
parlaying,2
folk,2
poo,2
twitter_es,2
nuevo,2
casamar,2
abrirá,2
adams,2
willoughby,2
265,2
emails,2
hardly,2
orgs,2
resembles,2
overbooked,2
relocated,2
horrible,2
dump,2
lnd,2
adam,2
payne,2
2adam12,2
7:00,2
dctwow,2
dalecarnegie,2
transferred,2
aadvantage,2
tub,2
roadwarrior,2
ala2008,2
indian,2
youth,2
literature,2
alexie,2
11211,2
40th,2
ericadodd,2
sg,2
matthe,2
ebel,2
9:15,2
certification,2
mr_simon_cowell,2
warmed,2
ciocco,2
dallasallgigs,2
~~very,2
urban,2
classy,2
needed~~,2
applications,2
drank,2
familyvacation,2
westpalmbeach,2
ron,2
v=j1c70hgf5mc,2
feature=share,2
parents,2
ohhhhh,2
ana_flaming,2
meu,2
destino,2
eh,2
virar,2
gerente,2
eua,2
amiga,2
ahuahauha,2
bowery,2
naddyruemakeupartist,2
air,2
bettertogether,2
mya98604,2
erinloves2run,2
lesaann98,2
explain,2
didnt,2
transfer,2
disconnected,2
debates,2
kicking,2
urg,2
frenchman,2
reef,2
grove,2
dijo,2
winston,2
salem,2
internships,2
chs,2
frampton,2
imperialcourtny,2
morita,2
furrygirl,2
polisi,2
periksa,2
pembawa,2
bungkusan,2
pihak,2
kepolisian,2
memeriksa,2
seorang,2
warga,2
rahmat,2
agustin,2
pend,2
cringe,2
ofrece,2
precio,2
especial,2
¡reserva,2
estancia,2
underground,2
millionaire,2
earth,2
ghettoprizes,2
shampoo,2
recovery,2
underway,2
dull,2
alpha,2
prosperity,2
hobby,2
trendy,2
sheilacakes7,2
sheilacakes,2
answered,2
travelcard,2
ends,2
disappointing,2
surmountable,2
comedian,2
mathews,2
chats,2
lilna23,2
slide,2
marathon,2
robbieknox,2
papa,2
crimsontavern,2
honey,2
havakon…,2
doubledaypub,2
unwinona,2
7:00,2
asheville,2
student,2
painters,2
lookinprofessional,2
vince,2
posed,2
buzz,2
suicide,2
attacked,2
rhyssachett,2
groupie,2
lyf,2
ravens,2
completely,2
outplayed,2
cuntswatching,2
scariest,2
dicking,2
mufcadam90,2
adam2burns,2
jordanrau,2
nytimes,2
quiz,2
painfulblue,2
letters,2
temp,2
indeed,2
stamford,2
blames,2
hampton,2
sky,2
fmm17,2
golfing,2
ebaymobile,2
brick,2
oven,2
salalah,2
chavs,2
j_dean_,2
hahahahaha,2
unlucky,2
fiesta,2
navidad,2
centro,2
apoyo,2
teletón,2
dedicada,2
desnutrición,2
bean,2
8701,2
quentindeberry,2
mzshoegame,2
brave,2
quit,2
teach,2
__xonana,2
mardi,2
gras,2
jealous,2
mblgtacc2014,2
electionsutah,2
ogden,2
boobsandbacon,2
basic,2
5:00,2
rva,2
♕,2
event♕,2
priceless,2
anywho,2
stretched,2
peaceful,2
heineken,2
pt=review,2
utm_campaign=review,2
v=3,2
rosaries,2
majority,2
goons,2
555,2
alamo,2
frc,2
marklazerus,2
masturbate,2
putthedesksback,2
smartmeetings,2
tremendous,2
triffle,2
hummus,2
goodcompany,2
yumba,2
美国太凶险了！过去的3个星期，发生信息泄露（data,2
breach）的公司有：kmart，barclays,2
bank，home,2
depot，michaels,2
stores，td,2
bank，bank,2
robin,2
midori,2
swimming,2
matthewsantoro,2
terminó,2
aprobaron,2
terminando,2
dreamweaver,2
tci,2
bradleyw278,2
htl,2
genrl,2
fish,2
mkultra,2
offends,2
listo,2
ciam,2
fecha,2
noviembre,2
abroad,2
organic,2
flowers,2
bloom,2
biloxi,2
sun,2
position=d1867f0fd130dfdf389fb9b7e5674bff,2
imo=1,2
newbrunswick,2
honoring,2
riff,2
ahha,2
danmorrissey,2
exorcist,2
*leans,2
sink,2
inserts,2
soap,2
mouth*,2
charleyjoness,2
shiftleader,2
iberia,2
artsy,2
horizon,2
daytona,2
nesha,2
regionals,2
thu,2
apr,2
adapter,2
flat,2
iron,2
plugs,2
crisis,2
averted,2
beijing,2
gnomedex,2
games,2
upon,2
showcases,2
unions,2
snowboarding,2
turnup,2
realnigga,2
allday,2
whatsup,2
jgormlyjr,2
approach,2
carries,2
dictaphone,2
types,2
picks,2
ones,2
likes,2
acmilan,2
premiership,2
possible,2
mitre,2
prematch,2
nn,2
randomthoughts,2
thejuanwilliams,2
education,2
reform,2
suggested,2
apology,2
silly,2
mymyrtlebeach,2
train,2
sheriffs,2
dunes,2
sumamos,2
celebración,2
organiza,2
bienmesabe_,2
homenajear,2
misty,2
¡joelmadden,2
cardiology,2
itunes,2
limewire,2
computer,2
phase,2
earnest,2
wardma,2
tlot,2
ocra,2
_bandsanvans,2
h2k,2
opt,2
enroll,2
incentive,2
evidence,2
signed,2
bub,2
destroys,2
santo,2
reconocido,2
américa,2
latina,2
muhittin,2
durmaz,2
etait,2
avec,2
ramzy,2
muhittindurmaz,2
39,2
tenderloin,2
noahbrooks1,2
productive,2
nathan,2
simmons,2
c3dreminders,2
toilet,2
af,2
questions,2
pura,2
alanjackson,2
lit,2
shifted,2
abby,2
hansen,2
addresses,2
ordain,2
forgive,2
spamming,2
factory,2
65,2
clubilondon,2
hike,2
basin,2
mosquitos,2
stolen,2
nathanmakan,2
bostonwaltham,2
waltham,2
ppgwave,2
suggest,2
refreshment,2
tomato,2
soup,2
screw,2
treana_lavette,2
trynna,2
marlena,2
folded,2
shirt,2
tie,2
seesmic,2
incentives,2
compare,2
traveltuesday,2
beds,2
nflnetwork,2
nfl,2
sadness,2
whatever,2
easiest,2
dishwasher,2
safely,2
ensconced,2
command,2
wilwildwes_,2
valeted,2
*tells,2
tonight*,2
psht,2
hotelprobs,2
cute,2
accent,2
louisiana,2
melts,2
57647,2
diaz,2
supervi,2
orbitz,2
djtracyyoung,2
bombay,2
brazier,2
orchard,2
64°,2
andar,2
migrating,2
hairport,2
cdntravaller,2
turf,2
decatur,2
timrillahan,2
channel,2
elead,2
requires,2
sellin,2
became,2
preferably,2
4789049,2
nutwood,2
csu,2
beyonce,2
keyshia,2
cole,2
omarion,2
icant,2
rosetta,2
elliott,2
selected,2
discussions,2
magazine,2
amyebartlett,2
1am,2
flt,2
nahj14sa,2
desayunar,2
cenar,2
mansion,2
alhamdulillah,2
rezeki,2
carpooling,2
catwest,2
catalystwest,2
tcaknights,2
chess,2
jj,2
sams,2
bronze,2
medalist,2
kinda,2
upside,2
pyramids,2
scam,2
libro,2
agustinos,2
presentado,2
calbinoo,2
tully,2
machine,2
tharealversace,2
playlistlive,2
musicallyapp,2
bethlehem,2
target,2
weekends,2
5:00pm,2
6:00pm,2
plam,2
natural,2
wellness…,2
poutine,2
foliage,2
accidentally,2
clicking,2
112,2
aaron,2
neville,2
wigan,2
shrews,2
auto,2
blackburn,2
shawnehowellmcm,2
gaydays,2
mikegrosso,2
pnc,2
forces,2
innovate,2
net,2
houlihan,2
800,2
shiralazar,2
energykate,2
ferretprincess,2
shameless,2
plug,2
terrified,2
drying,2
sandpaper,2
eyyyyy,2
mariah,2
assignment,2
marr,2
loves,2
reecesnookes,2
unfollow,2
slut,2
jel,2
750,2
followers,2
deeded,2
3500,2
32819,2
ctumaven,2
bb,2
exact,2
volvo,2
exactly,2
merry,2
meme,2
junto,2
pelaez,2
calderon,2
ashley,2
surfs,2
89th,2
asalh,2
willow,2
branson,2
missouri,2
downtownhouston,2
artblocks,2
goth,2
bayview,2
grovsenor,2
visitgoldcoast,2
zoorun1,2
qvsport,2
ego,2
understand,2
confidence,2
silent,2
wish,2
cud,2
dis,2
dad,2
za,2
nah,2
regan,2
lamilvelo,2
notrommelraymon,2
biz,2
cape,2
128,2
jlpamexprg,2
23:58:13,2
europe,2
barbeque,2
earning,2
ft,2
luton,2
wimbledon,2
seal,2
hatters,2
tri,2
cities,2
anyway,2
1h,2
collisionconf,2
rewarding,2
recap,2
roundup,2
turnin,2
chloeedwardy,2
lasses,2
46000,2
48315,2
secured,2
auteched,2
gcec,2
creepy,2
headphones,2
kansas,2
attatched,2
yul,2
5star,2
smhaye,2
playlist,2
courts,2
quinta,2
massages,2
sauna,2
lap,2
showers,2
etsy,2
handmade,2
accessories,2
jewellery,2
clothes,2
shelltops1,2
louisiana_rt,2
authorreadercon,2
speake,2
glazier,2
clinic,2
relationship,2
wittle_wachel,2
sinder,2
marinadelrey,2
toll,2
climbing,2
blasts,2
cnn,2
pillow,2
anyways,2
bernard,2
sooooo,2
herewego,2
3200,2
riviera,2
beaumont,2
artists,2
daica2011,2
md10,2
wax,2
managing,2
familia,2
lifeisagift,2
monrovia,2
ahr19,2
sk=app_228910107186452,2
chestnut,2
7645,2
201,2
flyday,2
_strawberrae,2
coolkids,2
mariottlife,2
hudsonturned7theotherday,2
kirseybelle,2
birthay,2
natalinavci,2
sushi,2
completed,2
tux,2
adrianawards,2
awkward,2
yulu1117,2
directv,2
throughs,2
cub,2
petting,2
owned,2
mayfair,2
seem,2
eater,2
cups,2
☻,2
recently,2
cinemas,2
theatres,2
bladerunner,2
ruined,2
arthouse,2
disrespectful,2
horrendously,2
uptake,2
diversity,2
performing,2
unbelievable,2
saltlakecityrr,2
saltlakecity_nc,2
plaques,2
marchmadness,2
vivintsmarthome,2
offsite,2
djmikewheeler,2
st0neymontana,2
gunna,2
arnd,2
latch,2
uber,2
rival,2
piglet,2
siento,2
catira,2
wid,2
har,2
cnx14,2
newbelgium,2
d80n,2
alrighttt,2
dudee,2
cardiff,2
mates,2
dressssed,2
alis,2
right2,2
sonoma,2
comparably,2
utm_source=comparably,2
utm_campaign=ratings_tweet,2
meadowview,2
remarkable,2
guiding,2
iamasa,2
mindi,2
abair,2
brian,2
simpson,2
convocational,2
motivational,2
devuelve,2
amor,2
medio,2
ambiente,2
stick,2
dana,2
glorietta,2
mapping,2
array,2
movers,2
2625,2
afpeeps,2
afpmeet,2
afpicon,2
longest,2
sheesshh,2
forms,2
sandy_why,2
acabo,2
encontrar,2
estas,2
joyas,2
classic,2
atardecer,2
arubeño,2
hiperhappy,2
scotty,2
sfo,2
lay,2
torritos,2
72nd,2
dtw,2
bethanyj_oneill,2
fireplace,2
ciaralira,2
sessegnon,2
shantingxo,2
manc,2
gafollowers,2
_joedirt,2
istand_solo,2
mzz_classi1,2
tweetme_leggo,2
50k,2
klongton,2
klongtoey,2
r1,2
900th,2
clubbing,2
garyst16,2
survive,2
arancibias,2
johansen,2
juana,2
fe,2
gusta,2
mezcla,2
jobsindoral,2
princespersona,2
marinasdiamonds,2
struttin,2
springfield,2
janaemonique,2
famlay,2
stripper,2
brags,2
vikings,2
captain,2
munnerlyn,2
witty_name,2
perseverance,2
memotouconn,2
maid,2
inform,2
jump,2
shots,2
streaming,2
puebla,2
hurts,2
medill,2
issue,2
eclipse,2
increase,2
themetz,2
sj,2
especiales,2
almuerzo,2
rb,2
aguadilla,2
greatest,2
filmerfilms,2
teampicture,2
towson,2
yaww,2
zest,2
booth,2
so_tailored,2
heads,2
47,2
komengreaternyc,2
nbcam,2
109,2
anyt,2
narm,2
gutted,2
praying,2
miracle,2
gaydar,2
2bedroom,2
perfectshelley,2
spam,2
hacknslash15,2
dungeon,2
brain,2
sense,2
neworleans,2
id=g0rvbbjq22,2
client_id=192,2
l=new+orleans,2
2c+louisiana,2
k=agent+at+your+service,2
mountains,2
500th,2
celebrates,2
chronicle,2
hispz15,2
tecla,2
dope_babyj,2
hq,2
startupgrind,2
toch,2
maar,2
eens,2
beginnen,2
registreren,2
punten,2
verzamelen,2
foodies,2
plateau,2
megfowler,2
freebies,2
etc,2
write,2
mickfleetwood,2
moleskin,2
pocket,2
notebook,2
pgs,2
lined,2
constraining,2
grid,2
honestly,2
sticks,2
rossgray97,2
mugging,2
shawtyletgo,2
biebz,2
thee,2
buttermel_,2
yard,2
1030,2
islámábádu,2
bude,2
útoku,2
částečně,2
znovuotevřen,2
dice,2
encanta,2
hago,2
quiere,2
mame,2
mama,2
mientra,2
grabo,2
monster,2
jxn,2
wks,2
handled,2
rooftops,2
fremontbridge,2
broadwaybridge,2
blueskies,2
pnw,2
city…,2
discuss,2
sandiego,2
5059,2
hopyard,2
stoneridge,2
pleasanton,2
smash,2
dylanjohnstonex,2
everywhere,2
nipples,2
kfc,2
herbs,2
spices,2
bucks,2
kangaroosongs,2
uncommon,2
11pm,2
vistageexecsummit,2
wow…a,2
nunca,2
ebreaks,2
r2,2
spectators,2
acts,2
trumpet,2
hoteljobs,2
misterlanyard,2
lanyard,2
visual,2
736678,2
48124,2
desinight,2
daniels,2
glo,2
cocktail,2
doha,2
julesr1212,2
kayla_danice,2
tear,2
natedavenport,2
allowing,2
shooting,2
leaves,2
reco,2
chile,2
nu,2
uh,2
ant,2
timeeee,2
showtime,2
hipsterssf7,2
skylab,2
proceeds,2
benefit,2
kosair,2
kosairchildrens,2
voted,2
dashboards,2
df11,2
certainly,2
anderson,2
fucking,2
hole,2
fighting,2
tolerated,2
neither,2
snotty,2
tweets,2
monique_cilliers,2
artshollywood,2
and…,2
jay,2
cdc,2
hotelzinho,2
simples,2
itshassanok,2
unionjakeyy,2
gays,2
mastermater1987,2
zaidalit,2
islamichelp,2
uws2015,2
cajuns,2
empty,2
businesses,2
complaining,2
mikebreitner,2
joining,2
karachi,2
trobert,2
discussing,2
disorders,2
migraine,2
advoca,2
require,2
upscale,2
occasion,2
norfolkvirginia,2
norfolkvirginiahotels,2
boss,2
invites,2
paperwork,2
psu,2
presser,2
fairview,2
page,2
2018,2
masterals,2
stockholm,2
kungsholmen,2
jeperkin,2
incroyable,2
cried,2
reflection,2
madness,2
smart,2
note,2
heh,2
fools,2
joke,2
italy,2
ashton5sos,2
cone,2
sheratonsvv,2
distinguishes,2
svv,2
sapaa,2
communities,2
grad,2
naspasapaa2016,2
agrees,2
*nice*,2
scrubbed,2
alimentos,2
bebidas,2
frigate,2
nevis,2
2495,2
2uwii,2
23:59:14,2
method,2
cigarcitybeer,2
freestyle,2
tb,2
ballroomdance,2
iight,2
thisdude_kevo,2
lanes,2
suebob,2
curacao,2
cheapoair,2
sync,2
brooklynnets,2
mind,2
huuu,2
hu,2
floyd,2
putting,2
barbados…,2
gohustlerr,2
willghannon,2
thnk,2
liz,2
screen,2
interception,2
yesss,2
kellyculinarian,2
kelly,2
philippines,2
wifey,2
chrysler,2
york…,2
columbia,2
r7,2
q1,2
earnings,2
estimates,2
demand,2
slows,2
1510,2
pithy,2
statements,2
throughout,2
bloomington,2
maintenan,2
ajgreenb,2
recycling,2
mass,2
wamuran,2
【マリオットホテルの金魚？】,2
名古屋マリオットアソシアホテルのロビーにいた大きな金魚、綺麗でした♡,2
名古屋マリオットアソシアホテル｜公式｜,2
associa…,2
pieriavila22,2
stands,2
refuses,2
cave,2
demanded,2
cancellation,2
barenakedislam,2
tent,2
coachella,2
온,2
가족의,2
아침식사,2
여의도,2
shanghai,2
shepard,2
khlong,2
toei,2
jobfair,2
mon,2
podcampnyc,2
digit,2
aig,2
worries,2
planned,2
travelpulse,2
campbell,2
s=qkwmyuqhaz6v3yt2ron8z4jc7xg,2
clearwater,2
mhstpetefl,2
ebc,2
nominate,2
power30under30,2
deadline,2
xolondon,2
pennsylvania,2
1456,2
legends,2
baypoint,2
owner,2
p=498,2
ott,2
escapetosocalsweepstakes,2
*this,2
conte,2
madera,2
crece,2
facilidad,2
fuerte,2
viento,2
fortaleza,2
tienen,2
árboles,2
villain,2
realtext,2
dragonconplanning,2
carrot,2
mince,2
sophie,2
swagqui,2
atm,2
maldito,2
confia,2
otro,2
loscon42,2
stitching,2
mermaid,2
offlineswag,2
dentro,2
salina,2
tells,2
aims,2
five,2
wp,2
adults,2
rankings,2
724,2
mikey,2
term,2
f=2,2
t=6006,2
distraught,2
bathrobe,2
ablaze,2
losangeles,2
outgoing,2
dynamic,2
individual,2
forzasevilla75,2
joshmacuga,2
schmoesknow,2
moxyhotels1,2
sheets,2
alenezii23,2
_na366,2
sulimanalsu72,2
bellhops,2
spoils,2
fair…,2
healthy,2
bf,2
tendras,2
extrañaree,2
architecture,2
pale,2
sierranevada,2
sarahmillican75,2
wong,2
foo,2
nintendoamerica,2
sdcc2015,2
streetpasses,2
abbey,2
martin,2
sang,2
conversation,2
niki,2
therealgnlzamba,2
ehh,2
empowerment,2
martinis,2
chaos,2
sp,2
xmen,2
represent,2
hartmyst,2
whodat,2
devinsiebold,2
killing,2
fcsnnational,2
comedyvscancer,2
travishowze,2
fdic,2
ramada,2
oryt,2
natcon2016,2
quinte,2
artwork,2
hoppermark,2
belleville,2
deca,2
announce,2
decaicdc2017,2
mrkingbarns,2
mountain…,2
_thefingweirdo,2
plantation,2
arond,2
130,2
trai,2
tiandra,2
mrlippp,2
leds_md,2
trevvvv_b34,2
gsob_sports,2
comfortable,2
await,2
explore,2
kingstown,2
☜,2
nandesukan,2
y2jabba,2
dragongateuk,2
cheshunt,2
85,2
intl,2
pocketed,2
mil,2
workers,2
wage,2
challenged,2
jstrausberg,2
gifted,2
payment,2
draws,2
2:59,2
tim,2
draper,2
carole,2
gaulin,2
model,2
fashions,2
snack,2
bags,2
nejsnave,2
elevator,2
ux,2
war,2
mystery,2
bland,2
e32017,2
novo,2
allow,2
backpacks,2
780,2
nexgencloud,2
nickelodeon,2
hm,2
sacrificial,2
altar,2
indianaccfa,2
marott,2
tornado,2
sirens,2
announcemnt,2
signal,2
pasties,2
2q,2
declines,2
76,2
percent,2
saddle,2
concord,2
murderer,2
mazzaglia,2
guilty,2
prison,2
explosives,2
scottsd,2
frontdesk,2
85253,2
makingamurder,2
fascinating,2
compelling,2
filmed,2
massive,2
stes,2
parsippany,2
fairfieldatlfi,2
accumulating,2
georgetown,2
halloween,2
extract,2
cuppa,2
ensuring,2
nadeau,2
veteran,2
tenía,2
35,2
hoteles,2
fusión,2
cual,2
número,2
subió,2
72,2
esto,2
flash,2
sparkle,2
shine,2
jnfworkshop2015,2
jnf,2
levels,2
twitpicyourlookalike,2
ella__henderson,2
lorraines,2
norbert,2
labatzki,2
herne,2
brunellos,2
trattoria,2
schloss,2
horst,2
mistletoe,2
organo,2
product+,2
leadership+,2
manitas,2
torn,2
cognizant,2
gspaff,2
fusion10,2
pattygomezpalma,2
hijos,2
bobescoto,2
marcovargas1987,2
astrid3108,2
gnoguera5,2
litatamayo,2
zsolay,2
sigan,2
touchsoftwares,2
chilling,2
harlequin,2
hbl,2
tomorow,2
contacts,2
core,2
retreat,2
lax15,2
swurvradio,2
roberts,2
moxy,2
hen,2
countycrime,2
pathetic,1
screening,1
plymptoons,1
animated,1
revengeance,1
10:45,1
intro,1
plympton,1
activación,1
nba,1
montaje,1
btl,1
activacion,1
publicidad,1
serviciosdeproduccion…,1
mim,1
ficava,1
resto,1
pensar,1
segunda,1
volto,1
curitiba,1
fico,1
desanimada,1
¬¬,1
q2,1
revises,1
predictions,1
utm_source=twitter,1
dinosaur,1
recommended,1
linkedin,1
maximize,1
terminate,1
quickly,1
fairly,1
agar4996,1
mattwrepresents,1
cutmore,1
morlandomusic,1
iamsilverland,1
hoxtonwhores,1
ryalmusic,1
edm,1
housemusic,1
jasonfrantz4,1
confirmaton,1
nacac,1
ah,1
432,1
sta,1
swinging,1
pad,1
fiorioday2015,1
r38y,1
licensing,1
crosses,1
everytime,1
isp,1
ibahn,1
crocqroo,1
apoya,1
compañera,1
camarista,1
casa,1
magna,1
sensible,1
fallecimiento,1
señor,1
padre,1
large,1
vlga,1
capping,1
commission,1
1999,1
jefferson,1
davis,1
20th,1
kumon,1
alexababycakes,1
*you,1
personality,1
sues,1
worldwid,1
ra,1
mikegerholdt,1
habbits,1
succesful,1
admins,1
df12,1
catererglobal,1
not…,1
approximately,1
teamdarkskin,1
entertaining,1
messi,1
surin,1
collapse,1
centrepointe,1
financing,1
kkkkkk,1
boston…,1
aspects,1
albanlipp,1
purpose,1
nascar,1
fixes,1
crashing,1
ronjuan02,1
strip,1
zip,1
practically,1
mmm,1
jessr0dda,1
continuous,1
assessments,1
exam,1
pavlov,1
500px,1
utm_campaign=nativeshare,1
utm_content=web,1
utm_source=500px,1
companion,1
newsday,1
downers,1
roto,1
llegar,1
helicóptero,1
ordinario,1
pagename=hotinfo,1
cid=247513,1
hotelid=106289,1
mlive,1
detbusiness,1
arbor,1
vanitygore,1
sophiencooke,1
charlie,1
revisionist,1
fiddler,1
changes,1
athens,1
bow,1
refit,1
zzzz,1
ahoy,1
hurstk,1
snowed,1
twister,1
attendants,1
o_o,1
levvis_,1
prweb,1
lunes,1
trabajar,1
"165,000",1
gilbert,1
85234,1
forefront,1
mirandaopiela,1
bjisbeavis,1
bellhop,1
harrah,1
buzzing,1
kickin,1
looseonthegoose,1
sundayfunday,1
shore,1
weyayeeeee,1
resilient,1
outage,1
wipe,1
spießer,1
alfons,1
macht,1
eine,1
marke,1
platt,1
nappin,1
296,1
bakersfield,1
"2,000",1
kimjay_everyday,1
sogrady,1
girltuesday,1
ghent,1
allagashbrewing,1
costasnightclub,1
ciaa,1
704,1
fakelooknofurtherprogram,1
wasteoftime,1
laurenlopez1,1
fruit,1
infused,1
delish,1
loulou_star,1
yuuup,1
heirdmf,1
chelsea,1
hrid=miwplrvhxgrxytzbrbe5qw,1
4100,1
admiralty,1
klassy,1
kocktails,1
dare,1
carmel,1
stewardess,1
chick,1
makeup,1
13th,1
2pm,1
79,1
blks,1
committee,1
biennial,1
crnc,1
sgp,1
rcn,1
gop,1
figures,1
documents,1
galveston,1
skin,1
1001,1
chantellepitts,1
zo,1
anniescott,1
experiences,1
retains,1
yeshiva,1
beth,1
yehuda,1
fields,1
schuetteonduty,1
colinpowell,1
rebrands,1
protea,1
ingredients,1
refuse,1
refund,1
proof,1
smoking,1
claimed,1
smoked,1
FALSE,1
antony,1
johnsons,1
alison,1
moyet,1
48th,1
skyscrapers,1
tyler,1
a+,1
contemporary,1
trabajando,1
icono,1
producciones,1
preparando,1
trapiche,1
octopus,1
salad,1
,1
bklyn,1
gb_reviews,1
_thanayb,1
desertridge,1
memorialday,1
roken=cugayn,1
soutkn=daa1er,1
739741,1
thefurryfelon,1
homphs,1
blawryshyn,1
affiliate,1
koush,1
mart,1
fenceclub,1
toytradeuk,1
fresyesgirl,1
90th,1
ginourmous,1
smaller,1
whoa,1
lillie,1
arthur,1
damien,1
photography,1
photosbydamien,1
utm_source=tpg+daily+newsletter,1
damansara,1
petaling,1
jaya,1
selangor,1
everybody,1
ought,1
p=754,1
jennadiane8,1
smelt,1
rank,1
dms2507,1
sleepover,1
category,1
duesouthbrewing,1
pompano,1
1q,1
income,1
pct,1
irish,1
kings,1
scainnj,1
judyolafsen,1
judgejeanine,1
helped,1
adjustments,1
fear,1
sportswriters,1
cabanas,1
glow,1
crushed,1
firewall,1
mh,1
15900,1
pants,1
chaquico,1
foolery,1
funky,1
petals,1
curated,1
bouquets,1
neuvoofortlaud,1
sous,1
id=urb3a7xqbe,1
client_id=1241,1
k=sous+chef,1
denvernewsnow,1
effected,1
attitude,1
traceykifford,1
highcliff,1
hermitage,1
bic,1
print,1
1812,1
shiny,1
superior,1
mundanes,1
dfcla,1
adult,1
pays,1
househunters,1
540,1
btwn,1
brooklynbeast,1
vaca,1
environmental,1
analysis,1
jamaica,1
middletown,1
todas,1
fotos,1
u­eharafotoevideo,1
loscabos,1
mexico…,1
fishing,1
diageo,1
conferencing,1
burlingame,1
cromwargod,1
runs,1
racheles,1
kevinche002,1
mental,1
discounts,1
guarantees,1
rice,1
smells,1
usage,1
evaluated,1
narrative,1
1600,1
freedom,1
parts,1
communications,1
laundromat,1
20x2,1
gregwrubell,1
issued,1
statement,1
concerning,1
muehlbach,1
knock,1
yoked,1
thelife,1
ocean…,1
posting,1
chevy,1
saint,1
individuals,1
effectively,1
tend,1
exams,1
ustfccca13,1
whosgonnawin,1
sdtid=6759664,1
affiliate_network=tanganetwork,1
click_id=f2f5f56f9732aba693b12c1c0d87e41b,1
affiliate=slickdeals,1
utm_source=tanganetwork,1
utm_campaign=slickdeals,1
allergic,1
chillaxin,1
lifetimemovie,1
follo,1
sanford,1
32771,1
reunion,1
asian,1
lawyers,1
saba,1
sabastrides,1
marquis…,1
piquantscholar,1
draftcentric,1
spoofing,1
irate,1
weekly,1
nicoleflockton,1
terrible,1
hrid=xxhtlokfetvrxfzhplhwvq,1
¡a,1
recordar,1
tiempos,1
espero,1
condado,1
pending,1
regis,1
forex,1
binaryoptions,1
fxsignals,1
odam,1
laughs,1
gencon2015,1
ineedcaffeine,1
reserved,1
seats,1
canada150,1
muskokalakes,1
rosseau…,1
excellence,1
fortnight,1
mammoth,1
bridesmaid,1
ho,1
devconnections,1
capturing,1
boxes,1
richard,1
americancomicon,1
transforms,1
s=o5i7vdqw6tham66naeebckbdj88,1
pauldwb,1
wussup,1
iguana,1
latino,1
blakei,1
pleasure,1
wkend,1
chmaldonado,1
thereabouts,1
farm,1
gangos,1
weep,1
rmcscbwi,1
trusted,1
beersandbeans,1
departing,1
kittitian,1
vibes,1
sweets,1
westernma,1
franklez,1
farklı,1
lezzetlerin,1
mükemmel,1
uyumu,1
i̇stanbul,1
türkiye,1
oldsmar,1
current,1
sought,1
eight,1
skift,1
redhat,1
soccer,1
cole_buchan,1
plans,1
canceled,1
worldcenter,1
spaceship,1
lutheran,1
gra,1
spas,1
hua,1
hin,1
477,1
sample,1
gratitude,1
custserv,1
prbothwell,1
contacting,1
regarding,1
mcdowell,1
15:00ish,1
€132,1
voiceoftheapostles2017,1
delicioso,1
restaurante,1
café,1
deville,1
scheduled,1
newyork,1
rwa,1
autographing|,1
streamside,1
jolla,1
vision,1
doubt,1
تصميم,1
و,1
تصوير,1
martiott,1
sobeautifule,1
wordsthatleadtotrouble,1
powerless,1
badnightinparis,1
intermediate,1
mtb,1
brandywine,1
9a,1
closes,1
bopelini,1
coachjp_nu,1
nu_speed_kills,1
cornhusker,1
schools,1
ideas,1
lds,1
purchasing,1
mormons,1
jurisdiction,1
cogic,1
bwi,1
scifilaura,1
cardenalaloisg,1
oie,1
felix,1
vaa,1
quiero,1
alentarte,1
dejar,1
amarte,1
csemelec,1
mailgeek,1
occupation,1
yuuummm,1
lighting,1
portraits,1
childrensphotographer,1
threeyearsold…,1
puertovallarta,1
sol,1
wonders,1
trek,1
farmington,1
11:00pm,1
olde,1
burnside,1
brewing,1
kevinnewcomb,1
settled,1
shipping,1
load,1
schwag,1
78701,1
swhelband,1
sponsors,1
finals,1
seocom,1
jsa,1
worrying,1
chaperone,1
aquino,1
sorts,1
stevensullivan,1
esperando,1
wth,1
landeros_chris,1
ble,1
wearable,1
porkapalooza,1
association,1
veroimdatdude,1
jamaican,1
sweatycowch,1
jenniezopfi,1
midyear,1
nardigras,1
beads,1
pin,1
wikileaks,1
bocorkan,1
isi,1
kawat,1
kedubes,1
sbelum,1
ledakan,1
jng,1
lupa,1
terus,1
berikan,1
dukungan,1
anda,1
untuk,1
timnas,1
kita,1
procter,1
gamble,1
cincinnati,1
bacon,1
wrapped,1
scallops,1
bernhardt,1
natl,1
initiatives,1
apha,1
10:30,1
fleet,1
chevrolet,1
antonio…,1
gibson,1
roohudson,1
kak,1
emafreak29,1
ceritamedan,1
lowongan,1
kerja,1
agustus,1
lokermedan,1
329*,1
landing,1
terms,1
girlgang,1
stephagresta,1
pit,1
mpls,1
innspiring,1
marisa,1
jolie,1
joliet,1
2500,1
thornton,1
aetorres9,1
oye,1
escapa,1
nada,1
molestar,1
jahahajaja,1
swindon,1
maduro,1
celeb_retweet,1
likewise,1
rugby,1
function,1
renaissence,1
fala,1
sério,1
maravilhoso,1
teeewills,1
dammmit,1
dorothy,1
roomie,1
vacatures_hotel,1
fulltime,1
emerald…,1
vacature,1
delivered,1
mccain,1
fastfood,1
34145,1
damekushington,1
ibiza,1
joined,1
bestcustomerservice,1
explained,1
grampagrump,1
mitt,1
gop2012,1
nomination,1
protest,1
boycotting,1
chutes…,1
easter,1
eastertime,1
scottcancook,1
tempted,1
investigate,1
monthlynetworksocial,1
lavista,1
screenings,1
sarah,1
discover,1
bd,1
foggy,1
safety,1
kelli,1
pleading,1
drivers,1
vigilant,1
festive,1
berry,1
rnickell,1
cblueskyoh,1
shanghaijobs,1
ert,1
zhongshan,1
guangdong,1
luck,1
melzerenrico,1
route,1
albion,1
nearest,1
jus,1
bak,1
binoy,1
hilarious,1
emmadavisxox,1
tomlinson,1
babyclappas_,1
fucked,1
katiejarrett5,1
teaching,1
camp,1
sawyer,1
amex,1
upgrades,1
askamex,1
sucked,1
scholar,1
"500,000",1
annually,1
bch,1
almaden,1
riches,1
mygirl,1
sanibel,1
10220,1
regency,1
ku,1
puzzyykath,1
welp,1
wyoming,1
showed,1
duly,1
harassed,1
goaggies,1
dailygrill,1
s=7csyqogobdi5b6400dlzg2qfwmq,1
springhillsuite,1
dang,1
ifeelrich,1
kentucky,1
father,1
arrested,1
assistants,1
badges,1
ribbons,1
stumbled,1
dealer,1
frustration,1
mattlorenzo,1
10th,1
angelina,1
neidhart,1
palma,1
aatencio,1
hosted,1
emmet,1
partial,1
sapphires,1
skyline,1
mcintosh,1
anticipating,1
:tech,1
aladdin,1
whew,1
_rzielinski_,1
412,1
francesca,1
wknd,1
719069,1
joserzavala,1
couchon,1
falla,1
lipp,1
participants,1
flocked,1
cufc,1
itfc,1
orlyalie,1
reclutamiento,1
11:30,1
9009,1
wonderland,1
musical,1
pros,1
cons,1
p=750,1
degree,1
eatery,1
4200,1
85054,1
instatravel,1
travelgram,1
eq,1
disini,1
lagi,1
brisbane,1
handle,1
focused,1
mindset,1
dividends,1
4finishing1st,1
ghost,1
skycity,1
kuato,1
recall,1
parallels,1
bowels,1
chart,1
pmkepodcast,1
katherineellis,1
month,1
remaining,1
nadta2013,1
ubicanos,1
rosal,1
torre,1
atlantic,1
pb,1
lado,1
chacao,1
self,1
scavenger,1
funnyjoke,1
joshujworld,1
gandeng,1
lippo,1
ekspansi,1
soft,1
beverages,1
jaddaf,1
44,1
ona13,1
blunts,1
bitchz,1
jamiemariewells,1
pals,1
yougogurl,1
san…,1
premiere,1
111,1
crawford,1
satisfying,1
candyfloss,1
shortread,1
googleplay,1
passion13,1
jesus,1
errr,1
ric,1
opened16,1
9:30,1
knowledge,1
strategists,1
bank,1
wells,1
fargo,1
walt,1
motorola,1
terra,1
razorfish,1
cleaning,1
clemson,1
yaseminxlove,1
hasnt,1
released,1
confusedswag,1
davesnyder,1
advil,1
walgreend,1
mojo,1
did2016ohlala,1
fightnight,1
amanda,1
knox,1
advisors,1
k55t,1
dozens,1
alanunderkofler,1
petco,1
seanmorin,1
sense_brandeee,1
senseesports,1
ladygaga,1
timessquare,1
songwriters,1
halloffame,1
upi,1
req,1
572749,1
reneeck,1
zillion,1
pennandteller,1
lemone,1
industrial,1
65201,1
congratulations,1
scholarship,1
befutureready,1
highschool,1
mansfield,1
shields,1
protect,1
hpe,1
storeonce,1
systems,1
letheartgroup,1
potsdamer,1
platz,1
"7,700",1
jai,1
alai,1
fairoaks,1
269,1
activities,1
heii,1
nyaaa…,1
rudi,1
joni,1
stones,1
138,1
pehle,1
rcn_9,1
prick,1
gwinnett,1
1775,1
pleasant,1
duluth,1
cat09,1
:0,1
crush,1
words,1
sport,1
cologne,1
germany,1
our7th,1
chrislaylin,1
niiiice,1
beaux,1
outro,1
fica,1
topo,1
touristvillage,1
literally,1
tacos,1
appeals,1
argument,1
tax,1
exemption,1
bayfront,1
etnoneill,1
dope,1
justsayin,1
associates,1
fight,1
hunger,1
amigas,1
fina,1
selección,1
extrañar,1
guashita,1
biggios,1
spid=flgq,1
cell=63hl,1
msc=1404192805,1
customerservice,1
kansascity,1
labeled,1
postphotos,1
toward,1
prose_verse,1
popufur,1
cuts,1
carly,1
galleria,1
destinations,1
touch,1
walls,1
quiet,1
11yrs,1
midevil,1
freaks,1
•,1
henna,1
tehajhenna,1
soar2017,1
fenway,1
huntington,1
quinceanera,1
714,1
357,1
dream,1
uie,1
jmspool,1
ellajayebee,1
curve,1
buen,1
gaslamp,1
ada,1
"2,500",1
bids,1
teambachmann,1
display,1
iacaucus,1
356,1
jakcummings,1
299,1
94105,1
tire,1
miranda,1
waterbury,1
marcellaacm,1
pisaba,1
creo,1
ni,1
llamaba,1
emporio,1
glorias,1
jajajaja,1
tommybowe14,1
417,1
pizzas,1
doner,1
kebab,1
grease,1
homegirl,1
bears,1
aigawomensleadership,1
symposium,1
_leeeeshx,1
hccgkc,1
ndg2016,1
hccgkcambass,1
socialshadow1,1
female,1
dylanjjohnstone,1
fabulouso,1
ceeangi,1
writer,1
condo,1
singer,1
islan,1
sheesh,1
commsninja,1
jonisick,1
vmworld,1
piss,1
ghosts,1
gravestones,1
millionaires,1
kean,1
garden,1
volvamos,1
eeuu2015,1
funtime,1
febrero2015,1
blurry,1
treatment,1
aaaaah,1
kilo,1
sathorn,1
mr,1
mistah,1
instructions,1
alyssa,1
lisabloom,1
mharvey816,1
isnt,1
chrissiebeliebs,1
mwahah,1
ofc,1
biebs,1
omni,1
keeping,1
assess,1
damage,1
feliciaday,1
swooned,1
427_impala,1
beachfront,1
boardwalk,1
teched08,1
buyer,1
remorse,1
megamerger,1
e2,1
yahoonews,1
rainy,1
stkittstourism,1
webelieberbabes,1
dating,1
grateful,1
rachel_nk,1
melissazd,1
aimperial,1
uhhh,1
eso,1
quitaba,1
tragos,1
piso,1
giratorio,1
12000nhd,1
wee,1
sunkingbrewing,1